fecha,producto_id,tienda_id,ventas_unidades,precio_unitario,promocion,festivo
2022-01-01,PROD_A,TIENDA_01,49,12.81,0,1
2022-01-01,PROD_B,TIENDA_01,58,24.76,0,1
2022-01-01,PROD_C,TIENDA_01,95,8.71,0,1
2022-01-02,PROD_A,TIENDA_01,58,12.99,1,0
2022-01-02,PROD_B,TIENDA_01,55,24.72,1,0
2022-01-02,PROD_C,TIENDA_01,82,8.8,0,0
2022-01-03,PROD_A,TIENDA_01,22,13.23,0,0
2022-01-03,PROD_B,TIENDA_01,24,23.99,0,0
2022-01-03,PROD_C,TIENDA_01,48,8.54,0,0
2022-01-04,PROD_A,TIENDA_01,46,13.07,1,0
2022-01-04,PROD_B,TIENDA_01,32,24.55,0,0
2022-01-04,PROD_C,TIENDA_01,57,8.78,0,0
2022-01-05,PROD_A,TIENDA_01,32,13.27,0,0
2022-01-05,PROD_B,TIENDA_01,31,23.83,0,0
2022-01-05,PROD_C,TIENDA_01,56,8.53,0,0
2022-01-06,PROD_A,TIENDA_01,38,12.82,0,1
2022-01-06,PROD_B,TIENDA_01,40,24.31,0,1
2022-01-06,PROD_C,TIENDA_01,78,8.98,0,1
2022-01-07,PROD_A,TIENDA_01,32,12.73,0,0
2022-01-07,PROD_B,TIENDA_01,26,24.32,0,0
2022-01-07,PROD_C,TIENDA_01,62,8.78,0,0
2022-01-08,PROD_A,TIENDA_01,45,13.21,0,0
2022-01-08,PROD_B,TIENDA_01,33,24.23,0,0
2022-01-08,PROD_C,TIENDA_01,71,8.98,0,0
2022-01-09,PROD_A,TIENDA_01,44,13.11,0,0
2022-01-09,PROD_B,TIENDA_01,50,24.44,0,0
2022-01-09,PROD_C,TIENDA_01,83,8.78,0,0
2022-01-10,PROD_A,TIENDA_01,27,13.3,0,0
2022-01-10,PROD_B,TIENDA_01,23,25.23,0,0
2022-01-10,PROD_C,TIENDA_01,44,8.51,0,0
2022-01-11,PROD_A,TIENDA_01,44,13.22,1,0
2022-01-11,PROD_B,TIENDA_01,26,24.33,0,0
2022-01-11,PROD_C,TIENDA_01,60,9.0,0,0
2022-01-12,PROD_A,TIENDA_01,26,13.16,0,0
2022-01-12,PROD_B,TIENDA_01,30,24.16,0,0
2022-01-12,PROD_C,TIENDA_01,53,8.72,0,0
2022-01-13,PROD_A,TIENDA_01,35,13.28,0,0
2022-01-13,PROD_B,TIENDA_01,30,24.03,0,0
2022-01-13,PROD_C,TIENDA_01,66,8.64,0,0
2022-01-14,PROD_A,TIENDA_01,32,12.72,0,0
2022-01-14,PROD_B,TIENDA_01,30,24.91,0,0
2022-01-14,PROD_C,TIENDA_01,51,8.66,0,0
2022-01-15,PROD_A,TIENDA_01,62,13.29,1,0
2022-01-15,PROD_B,TIENDA_01,36,23.85,0,0
2022-01-15,PROD_C,TIENDA_01,88,8.53,0,0
2022-01-16,PROD_A,TIENDA_01,41,13.19,0,0
2022-01-16,PROD_B,TIENDA_01,39,24.46,0,0
2022-01-16,PROD_C,TIENDA_01,83,8.95,0,0
2022-01-17,PROD_A,TIENDA_01,24,13.02,0,0
2022-01-17,PROD_B,TIENDA_01,23,24.22,0,0
2022-01-17,PROD_C,TIENDA_01,53,8.72,0,0
2022-01-18,PROD_A,TIENDA_01,27,12.78,0,0
2022-01-18,PROD_B,TIENDA_01,30,24.1,0,0
2022-01-18,PROD_C,TIENDA_01,52,8.82,0,0
2022-01-19,PROD_A,TIENDA_01,35,13.27,0,0
2022-01-19,PROD_B,TIENDA_01,37,24.75,1,0
2022-01-19,PROD_C,TIENDA_01,53,8.98,0,0
2022-01-20,PROD_A,TIENDA_01,31,13.21,0,0
2022-01-20,PROD_B,TIENDA_01,27,23.91,0,0
2022-01-20,PROD_C,TIENDA_01,58,8.73,0,0
2022-01-21,PROD_A,TIENDA_01,33,13.37,0,0
2022-01-21,PROD_B,TIENDA_01,39,24.26,1,0
2022-01-21,PROD_C,TIENDA_01,55,8.59,0,0
2022-01-22,PROD_A,TIENDA_01,39,12.82,0,0
2022-01-22,PROD_B,TIENDA_01,43,24.42,0,0
2022-01-22,PROD_C,TIENDA_01,79,8.51,0,0
2022-01-23,PROD_A,TIENDA_01,52,13.36,0,0
2022-01-23,PROD_B,TIENDA_01,49,24.01,0,0
2022-01-23,PROD_C,TIENDA_01,82,8.7,0,0
2022-01-24,PROD_A,TIENDA_01,34,13.37,1,0
2022-01-24,PROD_B,TIENDA_01,27,24.43,0,0
2022-01-24,PROD_C,TIENDA_01,57,9.01,0,0
2022-01-25,PROD_A,TIENDA_01,33,12.72,0,0
2022-01-25,PROD_B,TIENDA_01,34,24.62,0,0
2022-01-25,PROD_C,TIENDA_01,64,8.52,0,0
2022-01-26,PROD_A,TIENDA_01,31,13.26,0,0
2022-01-26,PROD_B,TIENDA_01,46,23.88,1,0
2022-01-26,PROD_C,TIENDA_01,83,8.84,1,0
2022-01-27,PROD_A,TIENDA_01,27,13.29,0,0
2022-01-27,PROD_B,TIENDA_01,30,24.68,0,0
2022-01-27,PROD_C,TIENDA_01,61,8.76,0,0
2022-01-28,PROD_A,TIENDA_01,28,13.16,0,0
2022-01-28,PROD_B,TIENDA_01,29,24.75,0,0
2022-01-28,PROD_C,TIENDA_01,56,8.88,0,0
2022-01-29,PROD_A,TIENDA_01,54,13.38,1,0
2022-01-29,PROD_B,TIENDA_01,34,24.08,0,0
2022-01-29,PROD_C,TIENDA_01,88,8.95,0,0
2022-01-30,PROD_A,TIENDA_01,45,12.72,0,0
2022-01-30,PROD_B,TIENDA_01,47,24.66,0,0
2022-01-30,PROD_C,TIENDA_01,94,8.49,0,0
2022-01-31,PROD_A,TIENDA_01,25,13.12,0,0
2022-01-31,PROD_B,TIENDA_01,22,23.93,0,0
2022-01-31,PROD_C,TIENDA_01,69,8.63,1,0
2022-02-01,PROD_A,TIENDA_01,33,12.76,0,0
2022-02-01,PROD_B,TIENDA_01,27,24.48,0,0
2022-02-01,PROD_C,TIENDA_01,66,8.54,0,0
2022-02-02,PROD_A,TIENDA_01,29,12.6,0,0
2022-02-02,PROD_B,TIENDA_01,31,24.15,0,0
2022-02-02,PROD_C,TIENDA_01,60,8.71,0,0
2022-02-03,PROD_A,TIENDA_01,37,13.29,1,0
2022-02-03,PROD_B,TIENDA_01,30,24.99,0,0
2022-02-03,PROD_C,TIENDA_01,53,8.55,0,0
2022-02-04,PROD_A,TIENDA_01,35,13.22,0,0
2022-02-04,PROD_B,TIENDA_01,33,24.07,0,0
2022-02-04,PROD_C,TIENDA_01,52,8.9,0,0
2022-02-05,PROD_A,TIENDA_01,39,13.08,0,0
2022-02-05,PROD_B,TIENDA_01,59,25.04,1,0
2022-02-05,PROD_C,TIENDA_01,85,8.95,0,0
2022-02-06,PROD_A,TIENDA_01,68,12.86,1,0
2022-02-06,PROD_B,TIENDA_01,49,25.04,0,0
2022-02-06,PROD_C,TIENDA_01,83,8.9,0,0
2022-02-07,PROD_A,TIENDA_01,40,13.27,1,0
2022-02-07,PROD_B,TIENDA_01,27,24.44,0,0
2022-02-07,PROD_C,TIENDA_01,55,8.61,0,0
2022-02-08,PROD_A,TIENDA_01,38,12.86,1,0
2022-02-08,PROD_B,TIENDA_01,34,24.18,0,0
2022-02-08,PROD_C,TIENDA_01,58,9.0,0,0
2022-02-09,PROD_A,TIENDA_01,35,12.69,0,0
2022-02-09,PROD_B,TIENDA_01,27,25.18,0,0
2022-02-09,PROD_C,TIENDA_01,52,8.72,0,0
2022-02-10,PROD_A,TIENDA_01,29,13.07,0,0
2022-02-10,PROD_B,TIENDA_01,28,24.61,0,0
2022-02-10,PROD_C,TIENDA_01,63,8.49,0,0
2022-02-11,PROD_A,TIENDA_01,31,13.16,0,0
2022-02-11,PROD_B,TIENDA_01,31,24.3,0,0
2022-02-11,PROD_C,TIENDA_01,84,8.66,1,0
2022-02-12,PROD_A,TIENDA_01,45,13.16,0,0
2022-02-12,PROD_B,TIENDA_01,36,24.37,0,0
2022-02-12,PROD_C,TIENDA_01,73,8.55,0,0
2022-02-13,PROD_A,TIENDA_01,53,13.13,0,0
2022-02-13,PROD_B,TIENDA_01,46,24.21,0,0
2022-02-13,PROD_C,TIENDA_01,76,8.64,0,0
2022-02-14,PROD_A,TIENDA_01,27,13.11,0,0
2022-02-14,PROD_B,TIENDA_01,25,24.08,0,0
2022-02-14,PROD_C,TIENDA_01,57,8.91,0,0
2022-02-15,PROD_A,TIENDA_01,37,13.0,1,0
2022-02-15,PROD_B,TIENDA_01,28,24.97,0,0
2022-02-15,PROD_C,TIENDA_01,63,8.61,0,0
2022-02-16,PROD_A,TIENDA_01,36,12.79,1,0
2022-02-16,PROD_B,TIENDA_01,33,23.87,0,0
2022-02-16,PROD_C,TIENDA_01,62,8.59,0,0
2022-02-17,PROD_A,TIENDA_01,31,12.79,0,0
2022-02-17,PROD_B,TIENDA_01,25,24.87,0,0
2022-02-17,PROD_C,TIENDA_01,52,8.71,0,0
2022-02-18,PROD_A,TIENDA_01,48,13.0,1,0
2022-02-18,PROD_B,TIENDA_01,37,25.01,1,0
2022-02-18,PROD_C,TIENDA_01,65,8.84,0,0
2022-02-19,PROD_A,TIENDA_01,42,13.34,0,0
2022-02-19,PROD_B,TIENDA_01,40,24.82,0,0
2022-02-19,PROD_C,TIENDA_01,85,8.78,0,0
2022-02-20,PROD_A,TIENDA_01,50,12.97,0,0
2022-02-20,PROD_B,TIENDA_01,41,24.7,0,0
2022-02-20,PROD_C,TIENDA_01,90,8.82,0,0
2022-02-21,PROD_A,TIENDA_01,23,12.82,0,0
2022-02-21,PROD_B,TIENDA_01,24,24.56,0,0
2022-02-21,PROD_C,TIENDA_01,63,8.85,1,0
2022-02-22,PROD_A,TIENDA_01,27,12.92,0,0
2022-02-22,PROD_B,TIENDA_01,29,24.07,0,0
2022-02-22,PROD_C,TIENDA_01,67,8.79,0,0
2022-02-23,PROD_A,TIENDA_01,34,13.2,0,0
2022-02-23,PROD_B,TIENDA_01,25,24.28,0,0
2022-02-23,PROD_C,TIENDA_01,66,8.99,0,0
2022-02-24,PROD_A,TIENDA_01,33,13.03,0,0
2022-02-24,PROD_B,TIENDA_01,27,24.09,0,0
2022-02-24,PROD_C,TIENDA_01,51,8.66,0,0
2022-02-25,PROD_A,TIENDA_01,30,12.73,0,0
2022-02-25,PROD_B,TIENDA_01,26,24.68,0,0
2022-02-25,PROD_C,TIENDA_01,78,8.78,1,0
2022-02-26,PROD_A,TIENDA_01,57,12.71,1,0
2022-02-26,PROD_B,TIENDA_01,33,24.32,0,0
2022-02-26,PROD_C,TIENDA_01,73,8.89,0,0
2022-02-27,PROD_A,TIENDA_01,50,13.25,0,0
2022-02-27,PROD_B,TIENDA_01,39,23.79,0,0
2022-02-27,PROD_C,TIENDA_01,103,8.67,0,0
2022-02-28,PROD_A,TIENDA_01,29,13.11,0,0
2022-02-28,PROD_B,TIENDA_01,28,24.06,0,0
2022-02-28,PROD_C,TIENDA_01,61,8.55,1,0
2022-03-01,PROD_A,TIENDA_01,45,12.77,0,0
2022-03-01,PROD_B,TIENDA_01,32,24.01,0,0
2022-03-01,PROD_C,TIENDA_01,64,8.55,0,0
2022-03-02,PROD_A,TIENDA_01,51,12.68,0,0
2022-03-02,PROD_B,TIENDA_01,38,24.76,1,0
2022-03-02,PROD_C,TIENDA_01,58,8.86,0,0
2022-03-03,PROD_A,TIENDA_01,64,13.09,1,0
2022-03-03,PROD_B,TIENDA_01,43,25.01,1,0
2022-03-03,PROD_C,TIENDA_01,53,9.0,0,0
2022-03-04,PROD_A,TIENDA_01,42,12.93,0,0
2022-03-04,PROD_B,TIENDA_01,30,24.27,0,0
2022-03-04,PROD_C,TIENDA_01,65,8.54,0,0
2022-03-05,PROD_A,TIENDA_01,60,13.25,0,0
2022-03-05,PROD_B,TIENDA_01,38,24.84,0,0
2022-03-05,PROD_C,TIENDA_01,72,8.91,0,0
2022-03-06,PROD_A,TIENDA_01,67,12.94,0,0
2022-03-06,PROD_B,TIENDA_01,41,25.02,0,0
2022-03-06,PROD_C,TIENDA_01,78,8.95,0,0
2022-03-07,PROD_A,TIENDA_01,37,13.08,0,0
2022-03-07,PROD_B,TIENDA_01,21,25.02,0,0
2022-03-07,PROD_C,TIENDA_01,62,8.91,1,0
2022-03-08,PROD_A,TIENDA_01,50,13.15,0,0
2022-03-08,PROD_B,TIENDA_01,25,25.16,0,0
2022-03-08,PROD_C,TIENDA_01,86,8.74,1,0
2022-03-09,PROD_A,TIENDA_01,47,13.1,0,0
2022-03-09,PROD_B,TIENDA_01,32,23.9,0,0
2022-03-09,PROD_C,TIENDA_01,63,8.65,0,0
2022-03-10,PROD_A,TIENDA_01,44,13.01,0,0
2022-03-10,PROD_B,TIENDA_01,32,24.25,0,0
2022-03-10,PROD_C,TIENDA_01,55,8.62,0,0
2022-03-11,PROD_A,TIENDA_01,55,12.69,1,0
2022-03-11,PROD_B,TIENDA_01,32,24.04,0,0
2022-03-11,PROD_C,TIENDA_01,59,8.87,0,0
2022-03-12,PROD_A,TIENDA_01,58,12.82,0,0
2022-03-12,PROD_B,TIENDA_01,47,24.1,1,0
2022-03-12,PROD_C,TIENDA_01,89,8.77,1,0
2022-03-13,PROD_A,TIENDA_01,77,13.03,0,0
2022-03-13,PROD_B,TIENDA_01,39,25.04,0,0
2022-03-13,PROD_C,TIENDA_01,100,8.79,0,0
2022-03-14,PROD_A,TIENDA_01,37,12.74,0,0
2022-03-14,PROD_B,TIENDA_01,38,24.47,1,0
2022-03-14,PROD_C,TIENDA_01,49,8.53,0,0
2022-03-15,PROD_A,TIENDA_01,38,12.72,0,0
2022-03-15,PROD_B,TIENDA_01,28,25.23,0,0
2022-03-15,PROD_C,TIENDA_01,87,8.81,1,0
2022-03-16,PROD_A,TIENDA_01,41,13.01,0,0
2022-03-16,PROD_B,TIENDA_01,29,25.03,0,0
2022-03-16,PROD_C,TIENDA_01,56,8.81,0,0
2022-03-17,PROD_A,TIENDA_01,48,13.34,0,0
2022-03-17,PROD_B,TIENDA_01,27,24.74,0,0
2022-03-17,PROD_C,TIENDA_01,73,8.53,1,0
2022-03-18,PROD_A,TIENDA_01,59,13.06,1,0
2022-03-18,PROD_B,TIENDA_01,27,24.8,0,0
2022-03-18,PROD_C,TIENDA_01,59,8.85,0,0
2022-03-19,PROD_A,TIENDA_01,63,13.09,0,0
2022-03-19,PROD_B,TIENDA_01,44,24.39,0,0
2022-03-19,PROD_C,TIENDA_01,81,8.96,0,0
2022-03-20,PROD_A,TIENDA_01,58,12.73,0,0
2022-03-20,PROD_B,TIENDA_01,48,24.6,0,0
2022-03-20,PROD_C,TIENDA_01,79,8.85,0,0
2022-03-21,PROD_A,TIENDA_01,43,12.99,0,0
2022-03-21,PROD_B,TIENDA_01,22,23.82,0,0
2022-03-21,PROD_C,TIENDA_01,48,8.62,0,0
2022-03-22,PROD_A,TIENDA_01,69,13.25,1,0
2022-03-22,PROD_B,TIENDA_01,34,25.23,0,0
2022-03-22,PROD_C,TIENDA_01,55,8.51,0,0
2022-03-23,PROD_A,TIENDA_01,44,13.11,0,0
2022-03-23,PROD_B,TIENDA_01,27,24.63,0,0
2022-03-23,PROD_C,TIENDA_01,59,8.54,0,0
2022-03-24,PROD_A,TIENDA_01,42,13.12,0,0
2022-03-24,PROD_B,TIENDA_01,28,24.78,0,0
2022-03-24,PROD_C,TIENDA_01,68,8.91,0,0
2022-03-25,PROD_A,TIENDA_01,44,12.85,0,0
2022-03-25,PROD_B,TIENDA_01,34,24.36,0,0
2022-03-25,PROD_C,TIENDA_01,68,8.83,0,0
2022-03-26,PROD_A,TIENDA_01,56,12.75,0,0
2022-03-26,PROD_B,TIENDA_01,42,24.68,0,0
2022-03-26,PROD_C,TIENDA_01,71,8.78,0,0
2022-03-27,PROD_A,TIENDA_01,66,13.14,0,0
2022-03-27,PROD_B,TIENDA_01,69,24.66,1,0
2022-03-27,PROD_C,TIENDA_01,80,8.78,0,0
2022-03-28,PROD_A,TIENDA_01,33,13.37,0,0
2022-03-28,PROD_B,TIENDA_01,25,23.94,0,0
2022-03-28,PROD_C,TIENDA_01,50,8.86,0,0
2022-03-29,PROD_A,TIENDA_01,41,13.25,0,0
2022-03-29,PROD_B,TIENDA_01,27,24.58,0,0
2022-03-29,PROD_C,TIENDA_01,67,8.75,0,0
2022-03-30,PROD_A,TIENDA_01,49,12.82,0,0
2022-03-30,PROD_B,TIENDA_01,29,25.14,0,0
2022-03-30,PROD_C,TIENDA_01,65,8.64,0,0
2022-03-31,PROD_A,TIENDA_01,46,13.38,0,0
2022-03-31,PROD_B,TIENDA_01,26,24.56,0,0
2022-03-31,PROD_C,TIENDA_01,60,8.77,0,0
2022-04-01,PROD_A,TIENDA_01,42,12.75,0,0
2022-04-01,PROD_B,TIENDA_01,30,24.11,0,0
2022-04-01,PROD_C,TIENDA_01,51,8.88,0,0
2022-04-02,PROD_A,TIENDA_01,63,12.9,0,0
2022-04-02,PROD_B,TIENDA_01,42,25.21,0,0
2022-04-02,PROD_C,TIENDA_01,67,8.75,0,0
2022-04-03,PROD_A,TIENDA_01,74,13.28,0,0
2022-04-03,PROD_B,TIENDA_01,45,24.44,0,0
2022-04-03,PROD_C,TIENDA_01,87,8.83,0,0
2022-04-04,PROD_A,TIENDA_01,51,13.36,1,0
2022-04-04,PROD_B,TIENDA_01,26,24.72,0,0
2022-04-04,PROD_C,TIENDA_01,56,8.94,0,0
2022-04-05,PROD_A,TIENDA_01,42,13.16,0,0
2022-04-05,PROD_B,TIENDA_01,33,23.82,0,0
2022-04-05,PROD_C,TIENDA_01,84,8.97,1,0
2022-04-06,PROD_A,TIENDA_01,48,12.94,0,0
2022-04-06,PROD_B,TIENDA_01,42,25.05,1,0
2022-04-06,PROD_C,TIENDA_01,63,8.96,0,0
2022-04-07,PROD_A,TIENDA_01,92,12.83,1,1
2022-04-07,PROD_B,TIENDA_01,37,24.55,0,1
2022-04-07,PROD_C,TIENDA_01,91,8.58,0,1
2022-04-08,PROD_A,TIENDA_01,94,13.08,1,1
2022-04-08,PROD_B,TIENDA_01,47,23.98,0,1
2022-04-08,PROD_C,TIENDA_01,77,8.62,0,1
2022-04-09,PROD_A,TIENDA_01,86,13.3,1,0
2022-04-09,PROD_B,TIENDA_01,34,24.41,0,0
2022-04-09,PROD_C,TIENDA_01,80,8.82,0,0
2022-04-10,PROD_A,TIENDA_01,62,13.26,0,0
2022-04-10,PROD_B,TIENDA_01,58,24.48,1,0
2022-04-10,PROD_C,TIENDA_01,91,8.79,0,0
2022-04-11,PROD_A,TIENDA_01,35,13.36,0,0
2022-04-11,PROD_B,TIENDA_01,23,24.6,0,0
2022-04-11,PROD_C,TIENDA_01,54,8.51,0,0
2022-04-12,PROD_A,TIENDA_01,44,13.3,0,0
2022-04-12,PROD_B,TIENDA_01,32,24.66,0,0
2022-04-12,PROD_C,TIENDA_01,62,8.81,0,0
2022-04-13,PROD_A,TIENDA_01,47,13.11,0,0
2022-04-13,PROD_B,TIENDA_01,31,25.09,0,0
2022-04-13,PROD_C,TIENDA_01,56,8.72,0,0
2022-04-14,PROD_A,TIENDA_01,48,12.67,0,0
2022-04-14,PROD_B,TIENDA_01,32,24.02,0,0
2022-04-14,PROD_C,TIENDA_01,81,9.0,1,0
2022-04-15,PROD_A,TIENDA_01,50,13.25,0,0
2022-04-15,PROD_B,TIENDA_01,32,24.47,0,0
2022-04-15,PROD_C,TIENDA_01,64,8.67,0,0
2022-04-16,PROD_A,TIENDA_01,89,12.71,1,0
2022-04-16,PROD_B,TIENDA_01,43,24.83,0,0
2022-04-16,PROD_C,TIENDA_01,88,8.91,0,0
2022-04-17,PROD_A,TIENDA_01,73,12.61,0,0
2022-04-17,PROD_B,TIENDA_01,44,24.75,0,0
2022-04-17,PROD_C,TIENDA_01,92,8.92,0,0
2022-04-18,PROD_A,TIENDA_01,33,12.78,0,0
2022-04-18,PROD_B,TIENDA_01,38,24.59,1,0
2022-04-18,PROD_C,TIENDA_01,46,8.52,0,0
2022-04-19,PROD_A,TIENDA_01,50,12.84,0,0
2022-04-19,PROD_B,TIENDA_01,26,25.16,0,0
2022-04-19,PROD_C,TIENDA_01,59,8.54,0,0
2022-04-20,PROD_A,TIENDA_01,40,12.95,0,0
2022-04-20,PROD_B,TIENDA_01,32,25.16,0,0
2022-04-20,PROD_C,TIENDA_01,64,8.57,0,0
2022-04-21,PROD_A,TIENDA_01,39,12.98,0,0
2022-04-21,PROD_B,TIENDA_01,34,23.81,0,0
2022-04-21,PROD_C,TIENDA_01,58,8.99,0,0
2022-04-22,PROD_A,TIENDA_01,39,13.13,0,0
2022-04-22,PROD_B,TIENDA_01,34,24.29,0,0
2022-04-22,PROD_C,TIENDA_01,54,8.55,0,0
2022-04-23,PROD_A,TIENDA_01,57,13.12,0,0
2022-04-23,PROD_B,TIENDA_01,40,23.8,0,0
2022-04-23,PROD_C,TIENDA_01,71,8.55,0,0
2022-04-24,PROD_A,TIENDA_01,58,13.2,0,0
2022-04-24,PROD_B,TIENDA_01,41,25.04,0,0
2022-04-24,PROD_C,TIENDA_01,80,8.96,0,0
2022-04-25,PROD_A,TIENDA_01,57,12.71,1,0
2022-04-25,PROD_B,TIENDA_01,31,24.02,1,0
2022-04-25,PROD_C,TIENDA_01,43,8.5,0,0
2022-04-26,PROD_A,TIENDA_01,41,12.85,0,0
2022-04-26,PROD_B,TIENDA_01,35,24.86,1,0
2022-04-26,PROD_C,TIENDA_01,64,8.74,0,0
2022-04-27,PROD_A,TIENDA_01,45,12.69,0,0
2022-04-27,PROD_B,TIENDA_01,34,23.83,0,0
2022-04-27,PROD_C,TIENDA_01,66,8.76,0,0
2022-04-28,PROD_A,TIENDA_01,51,12.65,0,0
2022-04-28,PROD_B,TIENDA_01,29,24.77,0,0
2022-04-28,PROD_C,TIENDA_01,67,8.53,0,0
2022-04-29,PROD_A,TIENDA_01,62,12.65,1,0
2022-04-29,PROD_B,TIENDA_01,31,24.57,0,0
2022-04-29,PROD_C,TIENDA_01,68,8.77,0,0
2022-04-30,PROD_A,TIENDA_01,60,12.68,0,0
2022-04-30,PROD_B,TIENDA_01,43,24.72,0,0
2022-04-30,PROD_C,TIENDA_01,83,8.6,0,0
2022-05-01,PROD_A,TIENDA_01,86,12.86,0,1
2022-05-01,PROD_B,TIENDA_01,61,23.9,0,1
2022-05-01,PROD_C,TIENDA_01,132,8.68,0,1
2022-05-02,PROD_A,TIENDA_01,58,12.65,1,0
2022-05-02,PROD_B,TIENDA_01,22,23.91,0,0
2022-05-02,PROD_C,TIENDA_01,55,8.78,0,0
2022-05-03,PROD_A,TIENDA_01,45,12.86,0,0
2022-05-03,PROD_B,TIENDA_01,38,24.74,1,0
2022-05-03,PROD_C,TIENDA_01,66,8.87,0,0
2022-05-04,PROD_A,TIENDA_01,46,12.87,0,0
2022-05-04,PROD_B,TIENDA_01,27,24.73,0,0
2022-05-04,PROD_C,TIENDA_01,52,8.93,0,0
2022-05-05,PROD_A,TIENDA_01,48,13.05,0,0
2022-05-05,PROD_B,TIENDA_01,33,25.2,0,0
2022-05-05,PROD_C,TIENDA_01,62,8.82,0,0
2022-05-06,PROD_A,TIENDA_01,68,13.25,1,0
2022-05-06,PROD_B,TIENDA_01,27,24.8,0,0
2022-05-06,PROD_C,TIENDA_01,57,8.49,0,0
2022-05-07,PROD_A,TIENDA_01,59,12.91,0,0
2022-05-07,PROD_B,TIENDA_01,54,23.81,1,0
2022-05-07,PROD_C,TIENDA_01,71,8.71,0,0
2022-05-08,PROD_A,TIENDA_01,64,13.16,0,0
2022-05-08,PROD_B,TIENDA_01,45,23.89,0,0
2022-05-08,PROD_C,TIENDA_01,109,8.81,1,0
2022-05-09,PROD_A,TIENDA_01,35,13.12,0,0
2022-05-09,PROD_B,TIENDA_01,25,24.17,0,0
2022-05-09,PROD_C,TIENDA_01,45,8.71,0,0
2022-05-10,PROD_A,TIENDA_01,47,12.98,0,0
2022-05-10,PROD_B,TIENDA_01,25,24.35,0,0
2022-05-10,PROD_C,TIENDA_01,51,8.65,0,0
2022-05-11,PROD_A,TIENDA_01,40,12.8,0,0
2022-05-11,PROD_B,TIENDA_01,25,24.86,0,0
2022-05-11,PROD_C,TIENDA_01,78,8.86,1,0
2022-05-12,PROD_A,TIENDA_01,49,13.23,0,0
2022-05-12,PROD_B,TIENDA_01,44,23.83,1,0
2022-05-12,PROD_C,TIENDA_01,91,8.94,1,0
2022-05-13,PROD_A,TIENDA_01,45,13.15,0,0
2022-05-13,PROD_B,TIENDA_01,26,23.8,0,0
2022-05-13,PROD_C,TIENDA_01,65,8.81,0,0
2022-05-14,PROD_A,TIENDA_01,65,12.67,0,0
2022-05-14,PROD_B,TIENDA_01,35,24.63,0,0
2022-05-14,PROD_C,TIENDA_01,75,8.65,0,0
2022-05-15,PROD_A,TIENDA_01,64,12.73,0,0
2022-05-15,PROD_B,TIENDA_01,39,24.51,0,0
2022-05-15,PROD_C,TIENDA_01,85,8.87,0,0
2022-05-16,PROD_A,TIENDA_01,41,12.78,0,0
2022-05-16,PROD_B,TIENDA_01,31,24.65,1,0
2022-05-16,PROD_C,TIENDA_01,53,8.58,0,0
2022-05-17,PROD_A,TIENDA_01,44,13.19,0,0
2022-05-17,PROD_B,TIENDA_01,29,25.12,0,0
2022-05-17,PROD_C,TIENDA_01,62,8.82,0,0
2022-05-18,PROD_A,TIENDA_01,46,12.72,0,0
2022-05-18,PROD_B,TIENDA_01,39,24.21,1,0
2022-05-18,PROD_C,TIENDA_01,52,8.75,0,0
2022-05-19,PROD_A,TIENDA_01,44,12.64,0,0
2022-05-19,PROD_B,TIENDA_01,26,25.04,0,0
2022-05-19,PROD_C,TIENDA_01,62,8.75,0,0
2022-05-20,PROD_A,TIENDA_01,45,13.22,0,0
2022-05-20,PROD_B,TIENDA_01,29,24.96,0,0
2022-05-20,PROD_C,TIENDA_01,56,8.74,0,0
2022-05-21,PROD_A,TIENDA_01,68,12.68,1,0
2022-05-21,PROD_B,TIENDA_01,37,24.82,0,0
2022-05-21,PROD_C,TIENDA_01,70,8.62,0,0
2022-05-22,PROD_A,TIENDA_01,66,13.01,0,0
2022-05-22,PROD_B,TIENDA_01,58,24.18,1,0
2022-05-22,PROD_C,TIENDA_01,85,8.8,0,0
2022-05-23,PROD_A,TIENDA_01,39,12.65,0,0
2022-05-23,PROD_B,TIENDA_01,36,24.18,1,0
2022-05-23,PROD_C,TIENDA_01,53,8.96,0,0
2022-05-24,PROD_A,TIENDA_01,42,13.05,0,0
2022-05-24,PROD_B,TIENDA_01,38,25.19,1,0
2022-05-24,PROD_C,TIENDA_01,58,8.8,0,0
2022-05-25,PROD_A,TIENDA_01,42,12.89,0,0
2022-05-25,PROD_B,TIENDA_01,32,24.75,0,0
2022-05-25,PROD_C,TIENDA_01,64,8.85,0,0
2022-05-26,PROD_A,TIENDA_01,46,12.93,0,0
2022-05-26,PROD_B,TIENDA_01,28,24.03,0,0
2022-05-26,PROD_C,TIENDA_01,68,8.74,0,0
2022-05-27,PROD_A,TIENDA_01,40,12.66,0,0
2022-05-27,PROD_B,TIENDA_01,26,24.9,0,0
2022-05-27,PROD_C,TIENDA_01,66,8.51,0,0
2022-05-28,PROD_A,TIENDA_01,63,12.7,0,0
2022-05-28,PROD_B,TIENDA_01,35,24.99,0,0
2022-05-28,PROD_C,TIENDA_01,85,8.57,0,0
2022-05-29,PROD_A,TIENDA_01,65,13.13,0,0
2022-05-29,PROD_B,TIENDA_01,44,24.18,0,0
2022-05-29,PROD_C,TIENDA_01,88,8.77,0,0
2022-05-30,PROD_A,TIENDA_01,41,12.97,0,0
2022-05-30,PROD_B,TIENDA_01,24,25.16,0,0
2022-05-30,PROD_C,TIENDA_01,50,8.64,0,0
2022-05-31,PROD_A,TIENDA_01,45,13.35,0,0
2022-05-31,PROD_B,TIENDA_01,32,23.97,0,0
2022-05-31,PROD_C,TIENDA_01,62,8.95,0,0
2022-06-01,PROD_A,TIENDA_01,63,13.26,0,0
2022-06-01,PROD_B,TIENDA_01,22,24.89,0,0
2022-06-01,PROD_C,TIENDA_01,67,8.56,0,0
2022-06-02,PROD_A,TIENDA_01,81,12.77,0,0
2022-06-02,PROD_B,TIENDA_01,22,23.8,0,0
2022-06-02,PROD_C,TIENDA_01,81,8.61,1,0
2022-06-03,PROD_A,TIENDA_01,69,12.62,0,0
2022-06-03,PROD_B,TIENDA_01,26,24.72,0,0
2022-06-03,PROD_C,TIENDA_01,53,8.64,0,0
2022-06-04,PROD_A,TIENDA_01,99,12.71,0,0
2022-06-04,PROD_B,TIENDA_01,30,23.77,0,0
2022-06-04,PROD_C,TIENDA_01,97,8.93,1,0
2022-06-05,PROD_A,TIENDA_01,115,13.01,0,0
2022-06-05,PROD_B,TIENDA_01,45,24.21,1,0
2022-06-05,PROD_C,TIENDA_01,118,8.9,1,0
2022-06-06,PROD_A,TIENDA_01,54,13.31,0,0
2022-06-06,PROD_B,TIENDA_01,17,24.52,0,0
2022-06-06,PROD_C,TIENDA_01,45,8.71,0,0
2022-06-07,PROD_A,TIENDA_01,66,12.92,0,0
2022-06-07,PROD_B,TIENDA_01,21,25.2,0,0
2022-06-07,PROD_C,TIENDA_01,81,8.75,1,0
2022-06-08,PROD_A,TIENDA_01,73,12.9,0,0
2022-06-08,PROD_B,TIENDA_01,24,25.21,0,0
2022-06-08,PROD_C,TIENDA_01,51,8.9,0,0
2022-06-09,PROD_A,TIENDA_01,77,13.09,0,0
2022-06-09,PROD_B,TIENDA_01,25,24.25,0,0
2022-06-09,PROD_C,TIENDA_01,82,8.91,1,0
2022-06-10,PROD_A,TIENDA_01,105,12.96,1,0
2022-06-10,PROD_B,TIENDA_01,24,24.96,0,0
2022-06-10,PROD_C,TIENDA_01,87,8.73,1,0
2022-06-11,PROD_A,TIENDA_01,80,12.76,0,0
2022-06-11,PROD_B,TIENDA_01,47,24.52,1,0
2022-06-11,PROD_C,TIENDA_01,79,8.62,0,0
2022-06-12,PROD_A,TIENDA_01,97,12.88,0,0
2022-06-12,PROD_B,TIENDA_01,39,24.25,0,0
2022-06-12,PROD_C,TIENDA_01,116,8.95,1,0
2022-06-13,PROD_A,TIENDA_01,68,12.9,0,0
2022-06-13,PROD_B,TIENDA_01,20,24.5,0,0
2022-06-13,PROD_C,TIENDA_01,51,8.91,0,0
2022-06-14,PROD_A,TIENDA_01,62,13.07,0,0
2022-06-14,PROD_B,TIENDA_01,24,24.24,0,0
2022-06-14,PROD_C,TIENDA_01,84,8.65,1,0
2022-06-15,PROD_A,TIENDA_01,70,13.14,0,0
2022-06-15,PROD_B,TIENDA_01,20,25.04,0,0
2022-06-15,PROD_C,TIENDA_01,68,8.63,0,0
2022-06-16,PROD_A,TIENDA_01,81,12.66,0,0
2022-06-16,PROD_B,TIENDA_01,23,24.94,0,0
2022-06-16,PROD_C,TIENDA_01,68,8.56,0,0
2022-06-17,PROD_A,TIENDA_01,78,12.63,0,0
2022-06-17,PROD_B,TIENDA_01,35,24.3,1,0
2022-06-17,PROD_C,TIENDA_01,61,8.81,0,0
2022-06-18,PROD_A,TIENDA_01,106,12.89,0,0
2022-06-18,PROD_B,TIENDA_01,31,24.54,0,0
2022-06-18,PROD_C,TIENDA_01,81,8.62,0,0
2022-06-19,PROD_A,TIENDA_01,156,12.99,1,0
2022-06-19,PROD_B,TIENDA_01,36,24.15,0,0
2022-06-19,PROD_C,TIENDA_01,88,9.01,0,0
2022-06-20,PROD_A,TIENDA_01,68,12.98,0,0
2022-06-20,PROD_B,TIENDA_01,30,24.43,1,0
2022-06-20,PROD_C,TIENDA_01,50,8.53,0,0
2022-06-21,PROD_A,TIENDA_01,79,12.85,0,0
2022-06-21,PROD_B,TIENDA_01,20,24.56,0,0
2022-06-21,PROD_C,TIENDA_01,66,8.86,0,0
2022-06-22,PROD_A,TIENDA_01,74,13.22,0,0
2022-06-22,PROD_B,TIENDA_01,21,24.06,0,0
2022-06-22,PROD_C,TIENDA_01,88,8.5,1,0
2022-06-23,PROD_A,TIENDA_01,69,13.23,0,0
2022-06-23,PROD_B,TIENDA_01,24,23.89,0,0
2022-06-23,PROD_C,TIENDA_01,68,8.86,0,0
2022-06-24,PROD_A,TIENDA_01,77,13.24,0,0
2022-06-24,PROD_B,TIENDA_01,36,24.71,1,0
2022-06-24,PROD_C,TIENDA_01,63,8.67,0,0
2022-06-25,PROD_A,TIENDA_01,101,13.1,0,0
2022-06-25,PROD_B,TIENDA_01,48,24.4,1,0
2022-06-25,PROD_C,TIENDA_01,67,8.55,0,0
2022-06-26,PROD_A,TIENDA_01,131,12.85,1,0
2022-06-26,PROD_B,TIENDA_01,34,25.15,0,0
2022-06-26,PROD_C,TIENDA_01,99,8.62,0,0
2022-06-27,PROD_A,TIENDA_01,62,12.7,0,0
2022-06-27,PROD_B,TIENDA_01,20,24.5,0,0
2022-06-27,PROD_C,TIENDA_01,77,8.57,1,0
2022-06-28,PROD_A,TIENDA_01,76,13.07,0,0
2022-06-28,PROD_B,TIENDA_01,24,24.98,0,0
2022-06-28,PROD_C,TIENDA_01,69,8.82,1,0
2022-06-29,PROD_A,TIENDA_01,75,13.2,0,0
2022-06-29,PROD_B,TIENDA_01,25,24.5,0,0
2022-06-29,PROD_C,TIENDA_01,56,8.99,0,0
2022-06-30,PROD_A,TIENDA_01,78,13.13,0,0
2022-06-30,PROD_B,TIENDA_01,20,23.85,0,0
2022-06-30,PROD_C,TIENDA_01,59,8.59,0,0
2022-07-01,PROD_A,TIENDA_01,67,13.16,0,0
2022-07-01,PROD_B,TIENDA_01,26,25.2,0,0
2022-07-01,PROD_C,TIENDA_01,77,8.78,1,0
2022-07-02,PROD_A,TIENDA_01,92,12.81,0,0
2022-07-02,PROD_B,TIENDA_01,27,24.19,0,0
2022-07-02,PROD_C,TIENDA_01,80,8.62,0,0
2022-07-03,PROD_A,TIENDA_01,96,12.86,0,0
2022-07-03,PROD_B,TIENDA_01,33,24.89,0,0
2022-07-03,PROD_C,TIENDA_01,90,8.75,0,0
2022-07-04,PROD_A,TIENDA_01,52,13.34,0,0
2022-07-04,PROD_B,TIENDA_01,23,24.08,0,0
2022-07-04,PROD_C,TIENDA_01,44,8.75,0,0
2022-07-05,PROD_A,TIENDA_01,75,12.97,0,0
2022-07-05,PROD_B,TIENDA_01,26,24.4,0,0
2022-07-05,PROD_C,TIENDA_01,64,8.89,0,0
2022-07-06,PROD_A,TIENDA_01,69,13.04,0,0
2022-07-06,PROD_B,TIENDA_01,32,23.87,1,0
2022-07-06,PROD_C,TIENDA_01,64,8.63,0,0
2022-07-07,PROD_A,TIENDA_01,75,12.69,0,0
2022-07-07,PROD_B,TIENDA_01,23,24.93,0,0
2022-07-07,PROD_C,TIENDA_01,67,8.88,0,0
2022-07-08,PROD_A,TIENDA_01,97,12.99,1,0
2022-07-08,PROD_B,TIENDA_01,28,24.25,1,0
2022-07-08,PROD_C,TIENDA_01,59,8.81,0,0
2022-07-09,PROD_A,TIENDA_01,88,13.08,0,0
2022-07-09,PROD_B,TIENDA_01,48,24.85,1,0
2022-07-09,PROD_C,TIENDA_01,74,8.92,0,0
2022-07-10,PROD_A,TIENDA_01,114,12.83,0,0
2022-07-10,PROD_B,TIENDA_01,34,24.76,0,0
2022-07-10,PROD_C,TIENDA_01,92,8.91,0,0
2022-07-11,PROD_A,TIENDA_01,64,12.62,0,0
2022-07-11,PROD_B,TIENDA_01,23,24.92,0,0
2022-07-11,PROD_C,TIENDA_01,52,8.87,0,0
2022-07-12,PROD_A,TIENDA_01,64,13.09,0,0
2022-07-12,PROD_B,TIENDA_01,26,23.98,0,0
2022-07-12,PROD_C,TIENDA_01,51,8.99,0,0
2022-07-13,PROD_A,TIENDA_01,83,12.84,1,0
2022-07-13,PROD_B,TIENDA_01,34,24.37,1,0
2022-07-13,PROD_C,TIENDA_01,67,8.95,0,0
2022-07-14,PROD_A,TIENDA_01,62,12.71,0,0
2022-07-14,PROD_B,TIENDA_01,22,24.74,0,0
2022-07-14,PROD_C,TIENDA_01,56,8.58,0,0
2022-07-15,PROD_A,TIENDA_01,68,12.88,0,0
2022-07-15,PROD_B,TIENDA_01,25,24.71,0,0
2022-07-15,PROD_C,TIENDA_01,61,8.59,0,0
2022-07-16,PROD_A,TIENDA_01,95,12.78,0,0
2022-07-16,PROD_B,TIENDA_01,29,24.19,0,0
2022-07-16,PROD_C,TIENDA_01,82,8.65,0,0
2022-07-17,PROD_A,TIENDA_01,122,13.22,0,0
2022-07-17,PROD_B,TIENDA_01,31,24.76,0,0
2022-07-17,PROD_C,TIENDA_01,102,8.92,0,0
2022-07-18,PROD_A,TIENDA_01,66,12.83,0,0
2022-07-18,PROD_B,TIENDA_01,21,24.27,0,0
2022-07-18,PROD_C,TIENDA_01,47,8.74,0,0
2022-07-19,PROD_A,TIENDA_01,72,13.33,0,0
2022-07-19,PROD_B,TIENDA_01,21,24.67,0,0
2022-07-19,PROD_C,TIENDA_01,55,8.84,0,0
2022-07-20,PROD_A,TIENDA_01,74,12.64,0,0
2022-07-20,PROD_B,TIENDA_01,25,23.91,0,0
2022-07-20,PROD_C,TIENDA_01,51,8.78,0,0
2022-07-21,PROD_A,TIENDA_01,69,13.33,0,0
2022-07-21,PROD_B,TIENDA_01,23,24.06,0,0
2022-07-21,PROD_C,TIENDA_01,56,8.83,0,0
2022-07-22,PROD_A,TIENDA_01,63,13.05,0,0
2022-07-22,PROD_B,TIENDA_01,25,25.14,0,0
2022-07-22,PROD_C,TIENDA_01,54,8.95,0,0
2022-07-23,PROD_A,TIENDA_01,142,13.38,1,0
2022-07-23,PROD_B,TIENDA_01,31,25.14,0,0
2022-07-23,PROD_C,TIENDA_01,87,8.95,0,0
2022-07-24,PROD_A,TIENDA_01,148,12.68,1,0
2022-07-24,PROD_B,TIENDA_01,33,25.22,0,0
2022-07-24,PROD_C,TIENDA_01,89,8.98,0,0
2022-07-25,PROD_A,TIENDA_01,60,12.75,0,0
2022-07-25,PROD_B,TIENDA_01,24,24.44,1,0
2022-07-25,PROD_C,TIENDA_01,46,8.87,0,0
2022-07-26,PROD_A,TIENDA_01,73,13.19,0,0
2022-07-26,PROD_B,TIENDA_01,35,25.08,1,0
2022-07-26,PROD_C,TIENDA_01,60,8.53,0,0
2022-07-27,PROD_A,TIENDA_01,65,12.71,0,0
2022-07-27,PROD_B,TIENDA_01,22,24.15,0,0
2022-07-27,PROD_C,TIENDA_01,64,8.99,0,0
2022-07-28,PROD_A,TIENDA_01,76,12.61,0,0
2022-07-28,PROD_B,TIENDA_01,25,23.86,0,0
2022-07-28,PROD_C,TIENDA_01,76,8.7,1,0
2022-07-29,PROD_A,TIENDA_01,80,13.15,0,0
2022-07-29,PROD_B,TIENDA_01,21,25.11,0,0
2022-07-29,PROD_C,TIENDA_01,62,8.6,0,0
2022-07-30,PROD_A,TIENDA_01,113,13.18,1,0
2022-07-30,PROD_B,TIENDA_01,30,24.57,0,0
2022-07-30,PROD_C,TIENDA_01,78,8.84,0,0
2022-07-31,PROD_A,TIENDA_01,99,13.19,0,0
2022-07-31,PROD_B,TIENDA_01,31,24.42,0,0
2022-07-31,PROD_C,TIENDA_01,78,8.78,0,0
2022-08-01,PROD_A,TIENDA_01,83,12.99,1,0
2022-08-01,PROD_B,TIENDA_01,22,24.25,0,0
2022-08-01,PROD_C,TIENDA_01,45,8.6,0,0
2022-08-02,PROD_A,TIENDA_01,63,13.0,0,0
2022-08-02,PROD_B,TIENDA_01,29,24.52,0,0
2022-08-02,PROD_C,TIENDA_01,52,8.73,0,0
2022-08-03,PROD_A,TIENDA_01,76,12.91,0,0
2022-08-03,PROD_B,TIENDA_01,32,24.62,0,0
2022-08-03,PROD_C,TIENDA_01,77,8.52,1,0
2022-08-04,PROD_A,TIENDA_01,81,12.65,0,0
2022-08-04,PROD_B,TIENDA_01,25,24.37,0,0
2022-08-04,PROD_C,TIENDA_01,64,9.0,0,0
2022-08-05,PROD_A,TIENDA_01,70,13.37,0,0
2022-08-05,PROD_B,TIENDA_01,33,25.1,0,0
2022-08-05,PROD_C,TIENDA_01,63,8.83,0,0
2022-08-06,PROD_A,TIENDA_01,97,12.87,0,0
2022-08-06,PROD_B,TIENDA_01,53,24.54,1,0
2022-08-06,PROD_C,TIENDA_01,71,8.49,0,0
2022-08-07,PROD_A,TIENDA_01,136,13.13,1,0
2022-08-07,PROD_B,TIENDA_01,45,24.98,0,0
2022-08-07,PROD_C,TIENDA_01,85,8.63,0,0
2022-08-08,PROD_A,TIENDA_01,65,12.69,0,0
2022-08-08,PROD_B,TIENDA_01,24,24.89,0,0
2022-08-08,PROD_C,TIENDA_01,43,8.6,0,0
2022-08-09,PROD_A,TIENDA_01,83,13.07,1,0
2022-08-09,PROD_B,TIENDA_01,25,24.85,0,0
2022-08-09,PROD_C,TIENDA_01,55,8.6,0,0
2022-08-10,PROD_A,TIENDA_01,62,12.99,0,0
2022-08-10,PROD_B,TIENDA_01,32,24.84,0,0
2022-08-10,PROD_C,TIENDA_01,61,8.84,0,0
2022-08-11,PROD_A,TIENDA_01,67,12.71,0,0
2022-08-11,PROD_B,TIENDA_01,27,24.21,0,0
2022-08-11,PROD_C,TIENDA_01,91,8.95,1,0
2022-08-12,PROD_A,TIENDA_01,74,12.93,0,0
2022-08-12,PROD_B,TIENDA_01,34,25.15,0,0
2022-08-12,PROD_C,TIENDA_01,65,8.65,0,0
2022-08-13,PROD_A,TIENDA_01,83,12.89,0,0
2022-08-13,PROD_B,TIENDA_01,38,25.01,0,0
2022-08-13,PROD_C,TIENDA_01,82,8.91,0,0
2022-08-14,PROD_A,TIENDA_01,110,13.35,0,0
2022-08-14,PROD_B,TIENDA_01,40,24.12,0,0
2022-08-14,PROD_C,TIENDA_01,93,8.97,0,0
2022-08-15,PROD_A,TIENDA_01,75,13.17,0,1
2022-08-15,PROD_B,TIENDA_01,44,24.76,1,1
2022-08-15,PROD_C,TIENDA_01,79,8.59,0,1
2022-08-16,PROD_A,TIENDA_01,76,13.04,0,0
2022-08-16,PROD_B,TIENDA_01,33,24.25,0,0
2022-08-16,PROD_C,TIENDA_01,51,8.98,0,0
2022-08-17,PROD_A,TIENDA_01,63,13.38,0,0
2022-08-17,PROD_B,TIENDA_01,27,24.65,0,0
2022-08-17,PROD_C,TIENDA_01,67,8.78,0,0
2022-08-18,PROD_A,TIENDA_01,69,13.02,0,0
2022-08-18,PROD_B,TIENDA_01,27,24.52,0,0
2022-08-18,PROD_C,TIENDA_01,52,9.0,0,0
2022-08-19,PROD_A,TIENDA_01,79,13.31,0,0
2022-08-19,PROD_B,TIENDA_01,29,24.59,0,0
2022-08-19,PROD_C,TIENDA_01,53,8.62,0,0
2022-08-20,PROD_A,TIENDA_01,95,12.93,0,0
2022-08-20,PROD_B,TIENDA_01,49,24.32,1,0
2022-08-20,PROD_C,TIENDA_01,77,8.83,0,0
2022-08-21,PROD_A,TIENDA_01,100,13.24,0,0
2022-08-21,PROD_B,TIENDA_01,46,24.49,0,0
2022-08-21,PROD_C,TIENDA_01,132,8.58,1,0
2022-08-22,PROD_A,TIENDA_01,60,13.31,0,0
2022-08-22,PROD_B,TIENDA_01,26,23.85,0,0
2022-08-22,PROD_C,TIENDA_01,76,8.98,1,0
2022-08-23,PROD_A,TIENDA_01,77,12.92,0,0
2022-08-23,PROD_B,TIENDA_01,27,24.8,0,0
2022-08-23,PROD_C,TIENDA_01,81,8.68,1,0
2022-08-24,PROD_A,TIENDA_01,75,13.08,0,0
2022-08-24,PROD_B,TIENDA_01,29,23.77,0,0
2022-08-24,PROD_C,TIENDA_01,51,8.77,0,0
2022-08-25,PROD_A,TIENDA_01,82,12.61,0,0
2022-08-25,PROD_B,TIENDA_01,31,24.95,0,0
2022-08-25,PROD_C,TIENDA_01,52,8.54,0,0
2022-08-26,PROD_A,TIENDA_01,88,13.01,1,0
2022-08-26,PROD_B,TIENDA_01,27,24.35,0,0
2022-08-26,PROD_C,TIENDA_01,58,8.78,0,0
2022-08-27,PROD_A,TIENDA_01,85,13.13,0,0
2022-08-27,PROD_B,TIENDA_01,40,25.03,0,0
2022-08-27,PROD_C,TIENDA_01,68,8.69,0,0
2022-08-28,PROD_A,TIENDA_01,93,12.61,0,0
2022-08-28,PROD_B,TIENDA_01,60,24.4,1,0
2022-08-28,PROD_C,TIENDA_01,91,8.94,0,0
2022-08-29,PROD_A,TIENDA_01,83,12.63,1,0
2022-08-29,PROD_B,TIENDA_01,28,25.07,0,0
2022-08-29,PROD_C,TIENDA_01,44,8.53,0,0
2022-08-30,PROD_A,TIENDA_01,80,13.04,0,0
2022-08-30,PROD_B,TIENDA_01,45,24.23,1,0
2022-08-30,PROD_C,TIENDA_01,61,8.88,0,0
2022-08-31,PROD_A,TIENDA_01,69,12.66,0,0
2022-08-31,PROD_B,TIENDA_01,37,24.99,1,0
2022-08-31,PROD_C,TIENDA_01,67,8.66,0,0
2022-09-01,PROD_A,TIENDA_01,40,13.37,0,0
2022-09-01,PROD_B,TIENDA_01,30,25.2,0,0
2022-09-01,PROD_C,TIENDA_01,79,8.93,1,0
2022-09-02,PROD_A,TIENDA_01,48,13.34,0,0
2022-09-02,PROD_B,TIENDA_01,32,23.81,0,0
2022-09-02,PROD_C,TIENDA_01,68,8.75,0,0
2022-09-03,PROD_A,TIENDA_01,66,12.94,0,0
2022-09-03,PROD_B,TIENDA_01,40,23.89,0,0
2022-09-03,PROD_C,TIENDA_01,84,8.86,0,0
2022-09-04,PROD_A,TIENDA_01,81,13.15,1,0
2022-09-04,PROD_B,TIENDA_01,48,24.23,0,0
2022-09-04,PROD_C,TIENDA_01,103,8.65,1,0
2022-09-05,PROD_A,TIENDA_01,35,12.7,0,0
2022-09-05,PROD_B,TIENDA_01,33,24.58,1,0
2022-09-05,PROD_C,TIENDA_01,43,8.67,0,0
2022-09-06,PROD_A,TIENDA_01,62,12.85,1,0
2022-09-06,PROD_B,TIENDA_01,28,24.34,0,0
2022-09-06,PROD_C,TIENDA_01,90,8.96,1,0
2022-09-07,PROD_A,TIENDA_01,45,12.73,0,0
2022-09-07,PROD_B,TIENDA_01,26,24.21,0,0
2022-09-07,PROD_C,TIENDA_01,52,8.72,0,0
2022-09-08,PROD_A,TIENDA_01,44,12.66,0,0
2022-09-08,PROD_B,TIENDA_01,27,24.68,0,0
2022-09-08,PROD_C,TIENDA_01,54,8.54,0,0
2022-09-09,PROD_A,TIENDA_01,51,12.86,0,0
2022-09-09,PROD_B,TIENDA_01,32,24.25,0,0
2022-09-09,PROD_C,TIENDA_01,65,8.94,0,0
2022-09-10,PROD_A,TIENDA_01,52,12.85,0,0
2022-09-10,PROD_B,TIENDA_01,35,24.23,0,0
2022-09-10,PROD_C,TIENDA_01,88,8.64,0,0
2022-09-11,PROD_A,TIENDA_01,67,13.05,0,0
2022-09-11,PROD_B,TIENDA_01,43,24.97,0,0
2022-09-11,PROD_C,TIENDA_01,79,8.78,0,0
2022-09-12,PROD_A,TIENDA_01,38,13.13,0,0
2022-09-12,PROD_B,TIENDA_01,28,24.44,0,0
2022-09-12,PROD_C,TIENDA_01,50,8.64,0,0
2022-09-13,PROD_A,TIENDA_01,49,13.22,0,0
2022-09-13,PROD_B,TIENDA_01,29,24.7,0,0
2022-09-13,PROD_C,TIENDA_01,62,8.86,0,0
2022-09-14,PROD_A,TIENDA_01,39,13.37,0,0
2022-09-14,PROD_B,TIENDA_01,29,24.51,0,0
2022-09-14,PROD_C,TIENDA_01,63,8.77,0,0
2022-09-15,PROD_A,TIENDA_01,43,13.3,0,0
2022-09-15,PROD_B,TIENDA_01,31,23.89,0,0
2022-09-15,PROD_C,TIENDA_01,62,8.67,0,0
2022-09-16,PROD_A,TIENDA_01,38,13.37,0,0
2022-09-16,PROD_B,TIENDA_01,29,24.87,0,0
2022-09-16,PROD_C,TIENDA_01,58,8.49,0,0
2022-09-17,PROD_A,TIENDA_01,58,13.0,0,0
2022-09-17,PROD_B,TIENDA_01,39,24.42,0,0
2022-09-17,PROD_C,TIENDA_01,84,8.8,0,0
2022-09-18,PROD_A,TIENDA_01,64,12.62,0,0
2022-09-18,PROD_B,TIENDA_01,59,25.18,1,0
2022-09-18,PROD_C,TIENDA_01,137,8.56,1,0
2022-09-19,PROD_A,TIENDA_01,37,12.76,0,0
2022-09-19,PROD_B,TIENDA_01,25,24.41,0,0
2022-09-19,PROD_C,TIENDA_01,48,8.65,0,0
2022-09-20,PROD_A,TIENDA_01,39,13.26,0,0
2022-09-20,PROD_B,TIENDA_01,31,24.01,0,0
2022-09-20,PROD_C,TIENDA_01,55,8.58,0,0
2022-09-21,PROD_A,TIENDA_01,61,13.35,1,0
2022-09-21,PROD_B,TIENDA_01,29,24.04,0,0
2022-09-21,PROD_C,TIENDA_01,58,8.5,0,0
2022-09-22,PROD_A,TIENDA_01,40,13.06,0,0
2022-09-22,PROD_B,TIENDA_01,31,24.07,0,0
2022-09-22,PROD_C,TIENDA_01,65,8.52,0,0
2022-09-23,PROD_A,TIENDA_01,67,12.75,1,0
2022-09-23,PROD_B,TIENDA_01,29,24.15,0,0
2022-09-23,PROD_C,TIENDA_01,60,8.82,0,0
2022-09-24,PROD_A,TIENDA_01,60,13.06,0,0
2022-09-24,PROD_B,TIENDA_01,43,24.67,0,0
2022-09-24,PROD_C,TIENDA_01,82,8.64,0,0
2022-09-25,PROD_A,TIENDA_01,59,12.7,0,0
2022-09-25,PROD_B,TIENDA_01,57,24.03,1,0
2022-09-25,PROD_C,TIENDA_01,90,8.71,0,0
2022-09-26,PROD_A,TIENDA_01,49,12.75,1,0
2022-09-26,PROD_B,TIENDA_01,26,24.71,0,0
2022-09-26,PROD_C,TIENDA_01,51,8.74,0,0
2022-09-27,PROD_A,TIENDA_01,57,12.95,1,0
2022-09-27,PROD_B,TIENDA_01,38,23.78,1,0
2022-09-27,PROD_C,TIENDA_01,88,8.99,1,0
2022-09-28,PROD_A,TIENDA_01,44,13.13,0,0
2022-09-28,PROD_B,TIENDA_01,33,24.48,0,0
2022-09-28,PROD_C,TIENDA_01,69,8.89,1,0
2022-09-29,PROD_A,TIENDA_01,41,13.02,0,0
2022-09-29,PROD_B,TIENDA_01,39,24.86,1,0
2022-09-29,PROD_C,TIENDA_01,60,8.55,0,0
2022-09-30,PROD_A,TIENDA_01,65,13.24,1,0
2022-09-30,PROD_B,TIENDA_01,32,23.83,0,0
2022-09-30,PROD_C,TIENDA_01,60,9.01,0,0
2022-10-01,PROD_A,TIENDA_01,86,13.19,1,0
2022-10-01,PROD_B,TIENDA_01,44,24.43,0,0
2022-10-01,PROD_C,TIENDA_01,85,8.72,0,0
2022-10-02,PROD_A,TIENDA_01,73,12.78,0,0
2022-10-02,PROD_B,TIENDA_01,46,24.28,0,0
2022-10-02,PROD_C,TIENDA_01,93,8.57,0,0
2022-10-03,PROD_A,TIENDA_01,47,12.76,1,0
2022-10-03,PROD_B,TIENDA_01,32,24.18,1,0
2022-10-03,PROD_C,TIENDA_01,48,8.86,0,0
2022-10-04,PROD_A,TIENDA_01,41,13.27,0,0
2022-10-04,PROD_B,TIENDA_01,31,23.9,0,0
2022-10-04,PROD_C,TIENDA_01,65,8.97,0,0
2022-10-05,PROD_A,TIENDA_01,49,12.7,0,0
2022-10-05,PROD_B,TIENDA_01,27,24.81,0,0
2022-10-05,PROD_C,TIENDA_01,64,8.84,0,0
2022-10-06,PROD_A,TIENDA_01,46,12.81,0,0
2022-10-06,PROD_B,TIENDA_01,29,24.7,0,0
2022-10-06,PROD_C,TIENDA_01,52,8.76,0,0
2022-10-07,PROD_A,TIENDA_01,50,12.89,0,0
2022-10-07,PROD_B,TIENDA_01,28,23.77,0,0
2022-10-07,PROD_C,TIENDA_01,64,8.87,0,0
2022-10-08,PROD_A,TIENDA_01,61,12.88,0,0
2022-10-08,PROD_B,TIENDA_01,53,24.09,1,0
2022-10-08,PROD_C,TIENDA_01,71,8.63,0,0
2022-10-09,PROD_A,TIENDA_01,64,13.05,0,0
2022-10-09,PROD_B,TIENDA_01,44,24.27,0,0
2022-10-09,PROD_C,TIENDA_01,77,8.54,0,0
2022-10-10,PROD_A,TIENDA_01,37,12.7,0,0
2022-10-10,PROD_B,TIENDA_01,25,23.77,0,0
2022-10-10,PROD_C,TIENDA_01,46,8.85,0,0
2022-10-11,PROD_A,TIENDA_01,63,12.72,1,0
2022-10-11,PROD_B,TIENDA_01,27,24.73,0,0
2022-10-11,PROD_C,TIENDA_01,57,8.96,0,0
2022-10-12,PROD_A,TIENDA_01,82,12.84,1,1
2022-10-12,PROD_B,TIENDA_01,38,24.73,0,1
2022-10-12,PROD_C,TIENDA_01,71,8.74,0,1
2022-10-13,PROD_A,TIENDA_01,55,13.13,1,0
2022-10-13,PROD_B,TIENDA_01,42,24.97,1,0
2022-10-13,PROD_C,TIENDA_01,58,8.56,0,0
2022-10-14,PROD_A,TIENDA_01,58,13.17,1,0
2022-10-14,PROD_B,TIENDA_01,38,25.06,1,0
2022-10-14,PROD_C,TIENDA_01,87,8.88,1,0
2022-10-15,PROD_A,TIENDA_01,90,12.71,1,0
2022-10-15,PROD_B,TIENDA_01,33,24.72,0,0
2022-10-15,PROD_C,TIENDA_01,83,8.82,0,0
2022-10-16,PROD_A,TIENDA_01,88,13.14,1,0
2022-10-16,PROD_B,TIENDA_01,39,23.91,0,0
2022-10-16,PROD_C,TIENDA_01,92,8.69,0,0
2022-10-17,PROD_A,TIENDA_01,36,12.71,0,0
2022-10-17,PROD_B,TIENDA_01,22,24.58,0,0
2022-10-17,PROD_C,TIENDA_01,52,8.9,0,0
2022-10-18,PROD_A,TIENDA_01,49,13.11,0,0
2022-10-18,PROD_B,TIENDA_01,30,24.51,0,0
2022-10-18,PROD_C,TIENDA_01,56,8.52,0,0
2022-10-19,PROD_A,TIENDA_01,51,12.99,0,0
2022-10-19,PROD_B,TIENDA_01,40,24.64,1,0
2022-10-19,PROD_C,TIENDA_01,68,9.01,0,0
2022-10-20,PROD_A,TIENDA_01,40,13.27,0,0
2022-10-20,PROD_B,TIENDA_01,28,24.77,0,0
2022-10-20,PROD_C,TIENDA_01,68,8.89,0,0
2022-10-21,PROD_A,TIENDA_01,52,12.8,1,0
2022-10-21,PROD_B,TIENDA_01,35,24.93,1,0
2022-10-21,PROD_C,TIENDA_01,62,8.75,0,0
2022-10-22,PROD_A,TIENDA_01,62,12.66,0,0
2022-10-22,PROD_B,TIENDA_01,40,24.17,0,0
2022-10-22,PROD_C,TIENDA_01,78,8.59,0,0
2022-10-23,PROD_A,TIENDA_01,68,12.9,0,0
2022-10-23,PROD_B,TIENDA_01,49,24.77,0,0
2022-10-23,PROD_C,TIENDA_01,128,8.87,1,0
2022-10-24,PROD_A,TIENDA_01,33,12.67,0,0
2022-10-24,PROD_B,TIENDA_01,25,24.66,0,0
2022-10-24,PROD_C,TIENDA_01,54,8.88,0,0
2022-10-25,PROD_A,TIENDA_01,64,13.15,1,0
2022-10-25,PROD_B,TIENDA_01,46,24.53,1,0
2022-10-25,PROD_C,TIENDA_01,63,8.58,0,0
2022-10-26,PROD_A,TIENDA_01,65,12.81,1,0
2022-10-26,PROD_B,TIENDA_01,32,23.81,0,0
2022-10-26,PROD_C,TIENDA_01,55,8.52,0,0
2022-10-27,PROD_A,TIENDA_01,46,12.66,0,0
2022-10-27,PROD_B,TIENDA_01,28,24.5,0,0
2022-10-27,PROD_C,TIENDA_01,57,8.62,0,0
2022-10-28,PROD_A,TIENDA_01,62,13.16,1,0
2022-10-28,PROD_B,TIENDA_01,30,23.83,0,0
2022-10-28,PROD_C,TIENDA_01,55,8.74,0,0
2022-10-29,PROD_A,TIENDA_01,52,13.33,0,0
2022-10-29,PROD_B,TIENDA_01,39,25.11,0,0
2022-10-29,PROD_C,TIENDA_01,76,8.66,0,0
2022-10-30,PROD_A,TIENDA_01,71,12.81,0,0
2022-10-30,PROD_B,TIENDA_01,58,24.5,1,0
2022-10-30,PROD_C,TIENDA_01,81,8.91,0,0
2022-10-31,PROD_A,TIENDA_01,43,12.65,0,0
2022-10-31,PROD_B,TIENDA_01,23,25.01,0,0
2022-10-31,PROD_C,TIENDA_01,51,8.49,0,0
2022-11-01,PROD_A,TIENDA_01,64,12.84,0,1
2022-11-01,PROD_B,TIENDA_01,58,24.63,0,1
2022-11-01,PROD_C,TIENDA_01,90,8.59,0,1
2022-11-02,PROD_A,TIENDA_01,48,12.79,0,0
2022-11-02,PROD_B,TIENDA_01,55,24.11,1,0
2022-11-02,PROD_C,TIENDA_01,66,8.95,0,0
2022-11-03,PROD_A,TIENDA_01,38,13.11,0,0
2022-11-03,PROD_B,TIENDA_01,44,23.92,0,0
2022-11-03,PROD_C,TIENDA_01,55,8.75,0,0
2022-11-04,PROD_A,TIENDA_01,69,13.15,1,0
2022-11-04,PROD_B,TIENDA_01,63,25.08,1,0
2022-11-04,PROD_C,TIENDA_01,63,8.68,0,0
2022-11-05,PROD_A,TIENDA_01,51,12.67,0,0
2022-11-05,PROD_B,TIENDA_01,80,23.88,1,0
2022-11-05,PROD_C,TIENDA_01,76,8.99,0,0
2022-11-06,PROD_A,TIENDA_01,62,12.85,0,0
2022-11-06,PROD_B,TIENDA_01,66,24.85,0,0
2022-11-06,PROD_C,TIENDA_01,83,8.53,0,0
2022-11-07,PROD_A,TIENDA_01,41,13.06,0,0
2022-11-07,PROD_B,TIENDA_01,43,24.45,1,0
2022-11-07,PROD_C,TIENDA_01,51,8.99,0,0
2022-11-08,PROD_A,TIENDA_01,42,12.81,0,0
2022-11-08,PROD_B,TIENDA_01,50,24.77,1,0
2022-11-08,PROD_C,TIENDA_01,63,8.51,0,0
2022-11-09,PROD_A,TIENDA_01,42,12.67,0,0
2022-11-09,PROD_B,TIENDA_01,40,24.52,0,0
2022-11-09,PROD_C,TIENDA_01,55,9.01,0,0
2022-11-10,PROD_A,TIENDA_01,59,12.95,1,0
2022-11-10,PROD_B,TIENDA_01,38,24.44,0,0
2022-11-10,PROD_C,TIENDA_01,53,8.49,0,0
2022-11-11,PROD_A,TIENDA_01,51,12.7,0,0
2022-11-11,PROD_B,TIENDA_01,40,24.69,0,0
2022-11-11,PROD_C,TIENDA_01,61,8.62,0,0
2022-11-12,PROD_A,TIENDA_01,50,12.65,0,0
2022-11-12,PROD_B,TIENDA_01,53,23.95,0,0
2022-11-12,PROD_C,TIENDA_01,85,8.66,0,0
2022-11-13,PROD_A,TIENDA_01,90,12.73,1,0
2022-11-13,PROD_B,TIENDA_01,69,24.35,0,0
2022-11-13,PROD_C,TIENDA_01,128,8.58,1,0
2022-11-14,PROD_A,TIENDA_01,34,12.82,0,0
2022-11-14,PROD_B,TIENDA_01,30,24.68,0,0
2022-11-14,PROD_C,TIENDA_01,47,8.7,0,0
2022-11-15,PROD_A,TIENDA_01,39,12.82,0,0
2022-11-15,PROD_B,TIENDA_01,51,25.07,1,0
2022-11-15,PROD_C,TIENDA_01,62,8.91,0,0
2022-11-16,PROD_A,TIENDA_01,51,13.21,0,0
2022-11-16,PROD_B,TIENDA_01,42,24.48,0,0
2022-11-16,PROD_C,TIENDA_01,60,8.69,0,0
2022-11-17,PROD_A,TIENDA_01,57,12.77,1,0
2022-11-17,PROD_B,TIENDA_01,45,23.85,0,0
2022-11-17,PROD_C,TIENDA_01,60,8.89,0,0
2022-11-18,PROD_A,TIENDA_01,51,12.68,0,0
2022-11-18,PROD_B,TIENDA_01,39,24.96,0,0
2022-11-18,PROD_C,TIENDA_01,52,9.01,0,0
2022-11-19,PROD_A,TIENDA_01,64,13.22,0,0
2022-11-19,PROD_B,TIENDA_01,60,25.01,0,0
2022-11-19,PROD_C,TIENDA_01,108,8.91,1,0
2022-11-20,PROD_A,TIENDA_01,75,12.62,0,0
2022-11-20,PROD_B,TIENDA_01,71,24.59,0,0
2022-11-20,PROD_C,TIENDA_01,81,9.01,0,0
2022-11-21,PROD_A,TIENDA_01,38,12.84,0,0
2022-11-21,PROD_B,TIENDA_01,31,24.11,0,0
2022-11-21,PROD_C,TIENDA_01,51,8.49,0,0
2022-11-22,PROD_A,TIENDA_01,40,12.7,0,0
2022-11-22,PROD_B,TIENDA_01,47,25.01,0,0
2022-11-22,PROD_C,TIENDA_01,51,8.8,0,0
2022-11-23,PROD_A,TIENDA_01,48,13.26,0,0
2022-11-23,PROD_B,TIENDA_01,47,24.31,0,0
2022-11-23,PROD_C,TIENDA_01,58,8.54,0,0
2022-11-24,PROD_A,TIENDA_01,40,12.72,0,0
2022-11-24,PROD_B,TIENDA_01,45,25.18,0,0
2022-11-24,PROD_C,TIENDA_01,54,9.0,0,0
2022-11-25,PROD_A,TIENDA_01,50,13.21,0,0
2022-11-25,PROD_B,TIENDA_01,43,24.02,0,0
2022-11-25,PROD_C,TIENDA_01,63,8.55,0,0
2022-11-26,PROD_A,TIENDA_01,66,13.34,0,0
2022-11-26,PROD_B,TIENDA_01,62,25.18,0,0
2022-11-26,PROD_C,TIENDA_01,108,8.97,1,0
2022-11-27,PROD_A,TIENDA_01,61,13.04,0,0
2022-11-27,PROD_B,TIENDA_01,56,24.86,0,0
2022-11-27,PROD_C,TIENDA_01,103,8.58,0,0
2022-11-28,PROD_A,TIENDA_01,33,13.15,0,0
2022-11-28,PROD_B,TIENDA_01,39,24.42,0,0
2022-11-28,PROD_C,TIENDA_01,47,8.52,0,0
2022-11-29,PROD_A,TIENDA_01,39,12.6,0,0
2022-11-29,PROD_B,TIENDA_01,44,25.19,0,0
2022-11-29,PROD_C,TIENDA_01,59,8.69,0,0
2022-11-30,PROD_A,TIENDA_01,39,12.97,0,0
2022-11-30,PROD_B,TIENDA_01,43,24.78,0,0
2022-11-30,PROD_C,TIENDA_01,70,8.93,1,0
2022-12-01,PROD_A,TIENDA_01,29,13.34,0,0
2022-12-01,PROD_B,TIENDA_01,80,24.32,1,0
2022-12-01,PROD_C,TIENDA_01,60,8.96,0,0
2022-12-02,PROD_A,TIENDA_01,43,13.08,1,0
2022-12-02,PROD_B,TIENDA_01,56,25.15,0,0
2022-12-02,PROD_C,TIENDA_01,90,8.57,1,0
2022-12-03,PROD_A,TIENDA_01,50,12.75,1,0
2022-12-03,PROD_B,TIENDA_01,91,24.84,0,0
2022-12-03,PROD_C,TIENDA_01,72,8.61,0,0
2022-12-04,PROD_A,TIENDA_01,65,13.25,1,0
2022-12-04,PROD_B,TIENDA_01,128,24.39,1,0
2022-12-04,PROD_C,TIENDA_01,94,8.8,0,0
2022-12-05,PROD_A,TIENDA_01,31,12.73,1,0
2022-12-05,PROD_B,TIENDA_01,49,25.01,0,0
2022-12-05,PROD_C,TIENDA_01,49,8.74,0,0
2022-12-06,PROD_A,TIENDA_01,38,13.02,0,1
2022-12-06,PROD_B,TIENDA_01,139,24.31,1,1
2022-12-06,PROD_C,TIENDA_01,78,8.73,0,1
2022-12-07,PROD_A,TIENDA_01,29,12.65,0,0
2022-12-07,PROD_B,TIENDA_01,69,23.89,0,0
2022-12-07,PROD_C,TIENDA_01,60,9.0,0,0
2022-12-08,PROD_A,TIENDA_01,44,13.26,0,1
2022-12-08,PROD_B,TIENDA_01,90,24.55,0,1
2022-12-08,PROD_C,TIENDA_01,83,8.95,0,1
2022-12-09,PROD_A,TIENDA_01,27,13.3,0,0
2022-12-09,PROD_B,TIENDA_01,66,25.09,0,0
2022-12-09,PROD_C,TIENDA_01,63,8.81,0,0
2022-12-10,PROD_A,TIENDA_01,59,12.74,1,0
2022-12-10,PROD_B,TIENDA_01,97,24.95,0,0
2022-12-10,PROD_C,TIENDA_01,102,9.01,1,0
2022-12-11,PROD_A,TIENDA_01,54,13.09,0,0
2022-12-11,PROD_B,TIENDA_01,91,25.1,0,0
2022-12-11,PROD_C,TIENDA_01,78,8.69,0,0
2022-12-12,PROD_A,TIENDA_01,25,12.82,0,0
2022-12-12,PROD_B,TIENDA_01,62,24.92,0,0
2022-12-12,PROD_C,TIENDA_01,51,8.71,0,0
2022-12-13,PROD_A,TIENDA_01,28,13.06,0,0
2022-12-13,PROD_B,TIENDA_01,74,25.12,0,0
2022-12-13,PROD_C,TIENDA_01,52,8.64,0,0
2022-12-14,PROD_A,TIENDA_01,30,12.92,0,0
2022-12-14,PROD_B,TIENDA_01,65,24.66,0,0
2022-12-14,PROD_C,TIENDA_01,75,8.56,1,0
2022-12-15,PROD_A,TIENDA_01,33,12.63,0,0
2022-12-15,PROD_B,TIENDA_01,62,24.11,0,0
2022-12-15,PROD_C,TIENDA_01,67,8.96,0,0
2022-12-16,PROD_A,TIENDA_01,46,12.84,1,0
2022-12-16,PROD_B,TIENDA_01,65,24.79,0,0
2022-12-16,PROD_C,TIENDA_01,89,8.56,1,0
2022-12-17,PROD_A,TIENDA_01,40,13.24,0,0
2022-12-17,PROD_B,TIENDA_01,83,24.71,0,0
2022-12-17,PROD_C,TIENDA_01,96,8.92,1,0
2022-12-18,PROD_A,TIENDA_01,50,13.28,0,0
2022-12-18,PROD_B,TIENDA_01,99,24.0,0,0
2022-12-18,PROD_C,TIENDA_01,90,8.56,0,0
2022-12-19,PROD_A,TIENDA_01,29,12.62,0,0
2022-12-19,PROD_B,TIENDA_01,83,25.0,1,0
2022-12-19,PROD_C,TIENDA_01,50,8.97,0,0
2022-12-20,PROD_A,TIENDA_01,29,13.24,0,0
2022-12-20,PROD_B,TIENDA_01,68,23.95,0,0
2022-12-20,PROD_C,TIENDA_01,77,8.8,1,0
2022-12-21,PROD_A,TIENDA_01,47,13.06,1,0
2022-12-21,PROD_B,TIENDA_01,59,25.08,0,0
2022-12-21,PROD_C,TIENDA_01,63,8.64,0,0
2022-12-22,PROD_A,TIENDA_01,28,13.05,0,0
2022-12-22,PROD_B,TIENDA_01,73,24.72,0,0
2022-12-22,PROD_C,TIENDA_01,55,8.7,0,0
2022-12-23,PROD_A,TIENDA_01,46,13.2,1,0
2022-12-23,PROD_B,TIENDA_01,100,24.72,1,0
2022-12-23,PROD_C,TIENDA_01,51,8.62,0,0
2022-12-24,PROD_A,TIENDA_01,38,13.35,0,0
2022-12-24,PROD_B,TIENDA_01,83,24.32,0,0
2022-12-24,PROD_C,TIENDA_01,72,8.73,0,0
2022-12-25,PROD_A,TIENDA_01,72,12.91,0,1
2022-12-25,PROD_B,TIENDA_01,187,24.74,1,1
2022-12-25,PROD_C,TIENDA_01,121,8.83,0,1
2022-12-26,PROD_A,TIENDA_01,35,12.68,0,1
2022-12-26,PROD_B,TIENDA_01,121,24.71,1,1
2022-12-26,PROD_C,TIENDA_01,66,8.86,0,1
2022-12-27,PROD_A,TIENDA_01,29,12.72,0,0
2022-12-27,PROD_B,TIENDA_01,73,24.95,0,0
2022-12-27,PROD_C,TIENDA_01,61,8.83,0,0
2022-12-28,PROD_A,TIENDA_01,33,13.11,0,0
2022-12-28,PROD_B,TIENDA_01,61,24.38,0,0
2022-12-28,PROD_C,TIENDA_01,51,8.86,0,0
2022-12-29,PROD_A,TIENDA_01,28,13.17,0,0
2022-12-29,PROD_B,TIENDA_01,66,24.92,0,0
2022-12-29,PROD_C,TIENDA_01,63,8.75,0,0
2022-12-30,PROD_A,TIENDA_01,34,13.28,0,0
2022-12-30,PROD_B,TIENDA_01,78,23.95,1,0
2022-12-30,PROD_C,TIENDA_01,65,8.89,0,0
2022-12-31,PROD_A,TIENDA_01,81,12.86,1,1
2022-12-31,PROD_B,TIENDA_01,155,24.86,1,1
2022-12-31,PROD_C,TIENDA_01,118,8.66,0,1
2023-01-01,PROD_A,TIENDA_01,62,13.26,0,1
2023-01-01,PROD_B,TIENDA_01,69,24.62,0,1
2023-01-01,PROD_C,TIENDA_01,109,8.95,0,1
2023-01-02,PROD_A,TIENDA_01,29,12.9,0,0
2023-01-02,PROD_B,TIENDA_01,22,25.02,0,0
2023-01-02,PROD_C,TIENDA_01,62,8.7,1,0
2023-01-03,PROD_A,TIENDA_01,35,12.96,0,0
2023-01-03,PROD_B,TIENDA_01,31,24.91,0,0
2023-01-03,PROD_C,TIENDA_01,62,8.58,0,0
2023-01-04,PROD_A,TIENDA_01,26,12.81,0,0
2023-01-04,PROD_B,TIENDA_01,27,24.89,0,0
2023-01-04,PROD_C,TIENDA_01,64,8.53,0,0
2023-01-05,PROD_A,TIENDA_01,32,12.91,0,0
2023-01-05,PROD_B,TIENDA_01,28,23.82,0,0
2023-01-05,PROD_C,TIENDA_01,77,8.49,1,0
2023-01-06,PROD_A,TIENDA_01,48,12.75,0,1
2023-01-06,PROD_B,TIENDA_01,43,24.13,0,1
2023-01-06,PROD_C,TIENDA_01,80,8.56,0,1
2023-01-07,PROD_A,TIENDA_01,42,12.73,0,0
2023-01-07,PROD_B,TIENDA_01,36,24.19,0,0
2023-01-07,PROD_C,TIENDA_01,80,8.66,0,0
2023-01-08,PROD_A,TIENDA_01,54,12.87,0,0
2023-01-08,PROD_B,TIENDA_01,43,24.04,0,0
2023-01-08,PROD_C,TIENDA_01,101,8.7,0,0
2023-01-09,PROD_A,TIENDA_01,28,12.7,0,0
2023-01-09,PROD_B,TIENDA_01,26,24.01,0,0
2023-01-09,PROD_C,TIENDA_01,53,8.51,0,0
2023-01-10,PROD_A,TIENDA_01,29,13.02,0,0
2023-01-10,PROD_B,TIENDA_01,46,24.74,1,0
2023-01-10,PROD_C,TIENDA_01,51,8.85,0,0
2023-01-11,PROD_A,TIENDA_01,30,13.03,0,0
2023-01-11,PROD_B,TIENDA_01,26,24.79,0,0
2023-01-11,PROD_C,TIENDA_01,56,8.83,0,0
2023-01-12,PROD_A,TIENDA_01,29,13.07,0,0
2023-01-12,PROD_B,TIENDA_01,44,23.92,1,0
2023-01-12,PROD_C,TIENDA_01,53,8.55,0,0
2023-01-13,PROD_A,TIENDA_01,38,12.76,1,0
2023-01-13,PROD_B,TIENDA_01,30,24.06,0,0
2023-01-13,PROD_C,TIENDA_01,56,8.51,0,0
2023-01-14,PROD_A,TIENDA_01,37,13.33,0,0
2023-01-14,PROD_B,TIENDA_01,33,24.75,0,0
2023-01-14,PROD_C,TIENDA_01,85,8.84,0,0
2023-01-15,PROD_A,TIENDA_01,55,13.0,1,0
2023-01-15,PROD_B,TIENDA_01,39,24.14,0,0
2023-01-15,PROD_C,TIENDA_01,103,8.64,0,0
2023-01-16,PROD_A,TIENDA_01,23,12.74,0,0
2023-01-16,PROD_B,TIENDA_01,32,24.94,1,0
2023-01-16,PROD_C,TIENDA_01,54,8.54,0,0
2023-01-17,PROD_A,TIENDA_01,27,13.26,0,0
2023-01-17,PROD_B,TIENDA_01,27,24.29,0,0
2023-01-17,PROD_C,TIENDA_01,62,8.95,0,0
2023-01-18,PROD_A,TIENDA_01,46,12.74,1,0
2023-01-18,PROD_B,TIENDA_01,34,24.16,0,0
2023-01-18,PROD_C,TIENDA_01,66,8.91,0,0
2023-01-19,PROD_A,TIENDA_01,34,12.69,0,0
2023-01-19,PROD_B,TIENDA_01,26,25.15,0,0
2023-01-19,PROD_C,TIENDA_01,78,8.8,1,0
2023-01-20,PROD_A,TIENDA_01,33,12.74,0,0
2023-01-20,PROD_B,TIENDA_01,28,23.81,0,0
2023-01-20,PROD_C,TIENDA_01,66,9.0,0,0
2023-01-21,PROD_A,TIENDA_01,62,12.69,1,0
2023-01-21,PROD_B,TIENDA_01,33,24.15,0,0
2023-01-21,PROD_C,TIENDA_01,82,8.84,0,0
2023-01-22,PROD_A,TIENDA_01,48,13.04,0,0
2023-01-22,PROD_B,TIENDA_01,47,24.26,0,0
2023-01-22,PROD_C,TIENDA_01,95,8.54,0,0
2023-01-23,PROD_A,TIENDA_01,24,12.87,0,0
2023-01-23,PROD_B,TIENDA_01,24,25.0,0,0
2023-01-23,PROD_C,TIENDA_01,58,8.52,0,0
2023-01-24,PROD_A,TIENDA_01,28,13.26,0,0
2023-01-24,PROD_B,TIENDA_01,33,23.88,0,0
2023-01-24,PROD_C,TIENDA_01,55,9.0,0,0
2023-01-25,PROD_A,TIENDA_01,38,13.1,1,0
2023-01-25,PROD_B,TIENDA_01,27,24.44,0,0
2023-01-25,PROD_C,TIENDA_01,59,8.94,0,0
2023-01-26,PROD_A,TIENDA_01,27,12.99,0,0
2023-01-26,PROD_B,TIENDA_01,26,24.37,0,0
2023-01-26,PROD_C,TIENDA_01,51,8.54,0,0
2023-01-27,PROD_A,TIENDA_01,32,12.84,0,0
2023-01-27,PROD_B,TIENDA_01,27,24.75,0,0
2023-01-27,PROD_C,TIENDA_01,57,8.52,0,0
2023-01-28,PROD_A,TIENDA_01,40,13.04,0,0
2023-01-28,PROD_B,TIENDA_01,38,24.73,0,0
2023-01-28,PROD_C,TIENDA_01,68,8.89,0,0
2023-01-29,PROD_A,TIENDA_01,45,13.25,0,0
2023-01-29,PROD_B,TIENDA_01,42,24.53,0,0
2023-01-29,PROD_C,TIENDA_01,77,8.57,0,0
2023-01-30,PROD_A,TIENDA_01,38,13.16,1,0
2023-01-30,PROD_B,TIENDA_01,35,24.04,1,0
2023-01-30,PROD_C,TIENDA_01,49,8.73,0,0
2023-01-31,PROD_A,TIENDA_01,33,12.68,0,0
2023-01-31,PROD_B,TIENDA_01,33,25.0,0,0
2023-01-31,PROD_C,TIENDA_01,64,8.72,0,0
2023-02-01,PROD_A,TIENDA_01,35,12.71,0,0
2023-02-01,PROD_B,TIENDA_01,30,23.84,0,0
2023-02-01,PROD_C,TIENDA_01,66,8.74,0,0
2023-02-02,PROD_A,TIENDA_01,35,12.74,0,0
2023-02-02,PROD_B,TIENDA_01,32,23.95,0,0
2023-02-02,PROD_C,TIENDA_01,61,8.95,0,0
2023-02-03,PROD_A,TIENDA_01,30,13.36,0,0
2023-02-03,PROD_B,TIENDA_01,32,24.17,0,0
2023-02-03,PROD_C,TIENDA_01,68,8.73,0,0
2023-02-04,PROD_A,TIENDA_01,53,13.15,1,0
2023-02-04,PROD_B,TIENDA_01,36,24.8,0,0
2023-02-04,PROD_C,TIENDA_01,82,8.98,0,0
2023-02-05,PROD_A,TIENDA_01,43,13.09,0,0
2023-02-05,PROD_B,TIENDA_01,42,24.75,0,0
2023-02-05,PROD_C,TIENDA_01,94,8.99,0,0
2023-02-06,PROD_A,TIENDA_01,28,12.85,0,0
2023-02-06,PROD_B,TIENDA_01,32,24.47,1,0
2023-02-06,PROD_C,TIENDA_01,53,8.71,0,0
2023-02-07,PROD_A,TIENDA_01,34,12.82,0,0
2023-02-07,PROD_B,TIENDA_01,32,24.53,0,0
2023-02-07,PROD_C,TIENDA_01,72,8.84,1,0
2023-02-08,PROD_A,TIENDA_01,45,12.73,1,0
2023-02-08,PROD_B,TIENDA_01,27,25.0,0,0
2023-02-08,PROD_C,TIENDA_01,56,8.88,0,0
2023-02-09,PROD_A,TIENDA_01,46,12.68,1,0
2023-02-09,PROD_B,TIENDA_01,32,25.04,0,0
2023-02-09,PROD_C,TIENDA_01,61,8.61,0,0
2023-02-10,PROD_A,TIENDA_01,34,12.82,0,0
2023-02-10,PROD_B,TIENDA_01,33,24.33,0,0
2023-02-10,PROD_C,TIENDA_01,68,8.65,0,0
2023-02-11,PROD_A,TIENDA_01,34,12.8,0,0
2023-02-11,PROD_B,TIENDA_01,42,25.04,0,0
2023-02-11,PROD_C,TIENDA_01,87,8.86,0,0
2023-02-12,PROD_A,TIENDA_01,50,13.03,0,0
2023-02-12,PROD_B,TIENDA_01,48,25.18,0,0
2023-02-12,PROD_C,TIENDA_01,81,8.85,0,0
2023-02-13,PROD_A,TIENDA_01,32,13.0,1,0
2023-02-13,PROD_B,TIENDA_01,24,24.58,0,0
2023-02-13,PROD_C,TIENDA_01,70,8.62,1,0
2023-02-14,PROD_A,TIENDA_01,33,12.72,0,0
2023-02-14,PROD_B,TIENDA_01,38,23.84,1,0
2023-02-14,PROD_C,TIENDA_01,62,8.83,0,0
2023-02-15,PROD_A,TIENDA_01,32,12.88,0,0
2023-02-15,PROD_B,TIENDA_01,28,24.09,0,0
2023-02-15,PROD_C,TIENDA_01,70,8.75,1,0
2023-02-16,PROD_A,TIENDA_01,31,12.67,0,0
2023-02-16,PROD_B,TIENDA_01,27,24.25,0,0
2023-02-16,PROD_C,TIENDA_01,54,8.88,0,0
2023-02-17,PROD_A,TIENDA_01,36,13.24,0,0
2023-02-17,PROD_B,TIENDA_01,25,24.75,0,0
2023-02-17,PROD_C,TIENDA_01,67,8.81,0,0
2023-02-18,PROD_A,TIENDA_01,46,13.13,0,0
2023-02-18,PROD_B,TIENDA_01,43,25.15,0,0
2023-02-18,PROD_C,TIENDA_01,78,8.64,0,0
2023-02-19,PROD_A,TIENDA_01,51,12.89,0,0
2023-02-19,PROD_B,TIENDA_01,44,23.83,0,0
2023-02-19,PROD_C,TIENDA_01,81,8.76,0,0
2023-02-20,PROD_A,TIENDA_01,24,13.35,0,0
2023-02-20,PROD_B,TIENDA_01,21,23.86,0,0
2023-02-20,PROD_C,TIENDA_01,55,8.94,0,0
2023-02-21,PROD_A,TIENDA_01,27,13.02,0,0
2023-02-21,PROD_B,TIENDA_01,34,24.9,0,0
2023-02-21,PROD_C,TIENDA_01,67,8.88,0,0
2023-02-22,PROD_A,TIENDA_01,42,12.86,1,0
2023-02-22,PROD_B,TIENDA_01,35,24.93,1,0
2023-02-22,PROD_C,TIENDA_01,61,8.61,0,0
2023-02-23,PROD_A,TIENDA_01,30,13.09,0,0
2023-02-23,PROD_B,TIENDA_01,25,24.75,0,0
2023-02-23,PROD_C,TIENDA_01,62,8.81,0,0
2023-02-24,PROD_A,TIENDA_01,32,13.15,0,0
2023-02-24,PROD_B,TIENDA_01,45,23.92,1,0
2023-02-24,PROD_C,TIENDA_01,56,8.53,0,0
2023-02-25,PROD_A,TIENDA_01,40,12.91,0,0
2023-02-25,PROD_B,TIENDA_01,38,24.55,0,0
2023-02-25,PROD_C,TIENDA_01,101,8.91,1,0
2023-02-26,PROD_A,TIENDA_01,53,12.71,0,0
2023-02-26,PROD_B,TIENDA_01,50,24.93,0,0
2023-02-26,PROD_C,TIENDA_01,86,8.99,0,0
2023-02-27,PROD_A,TIENDA_01,27,12.7,0,0
2023-02-27,PROD_B,TIENDA_01,35,24.55,1,0
2023-02-27,PROD_C,TIENDA_01,48,8.88,0,0
2023-02-28,PROD_A,TIENDA_01,30,12.92,0,0
2023-02-28,PROD_B,TIENDA_01,30,24.0,0,0
2023-02-28,PROD_C,TIENDA_01,66,8.59,0,0
2023-03-01,PROD_A,TIENDA_01,66,13.26,1,0
2023-03-01,PROD_B,TIENDA_01,33,25.23,0,0
2023-03-01,PROD_C,TIENDA_01,60,8.64,0,0
2023-03-02,PROD_A,TIENDA_01,53,13.17,1,0
2023-03-02,PROD_B,TIENDA_01,28,23.95,0,0
2023-03-02,PROD_C,TIENDA_01,52,8.81,0,0
2023-03-03,PROD_A,TIENDA_01,42,12.95,0,0
2023-03-03,PROD_B,TIENDA_01,28,24.62,0,0
2023-03-03,PROD_C,TIENDA_01,57,8.65,0,0
2023-03-04,PROD_A,TIENDA_01,49,12.79,0,0
2023-03-04,PROD_B,TIENDA_01,41,24.41,0,0
2023-03-04,PROD_C,TIENDA_01,69,8.87,0,0
2023-03-05,PROD_A,TIENDA_01,66,12.88,0,0
2023-03-05,PROD_B,TIENDA_01,45,24.02,0,0
2023-03-05,PROD_C,TIENDA_01,99,8.94,0,0
2023-03-06,PROD_A,TIENDA_01,52,12.81,1,0
2023-03-06,PROD_B,TIENDA_01,22,23.88,0,0
2023-03-06,PROD_C,TIENDA_01,68,8.5,1,0
2023-03-07,PROD_A,TIENDA_01,43,13.06,0,0
2023-03-07,PROD_B,TIENDA_01,30,24.56,0,0
2023-03-07,PROD_C,TIENDA_01,59,8.89,0,0
2023-03-08,PROD_A,TIENDA_01,41,13.2,0,0
2023-03-08,PROD_B,TIENDA_01,28,24.45,0,0
2023-03-08,PROD_C,TIENDA_01,58,8.75,0,0
2023-03-09,PROD_A,TIENDA_01,49,13.23,0,0
2023-03-09,PROD_B,TIENDA_01,26,24.52,0,0
2023-03-09,PROD_C,TIENDA_01,54,8.99,0,0
2023-03-10,PROD_A,TIENDA_01,51,13.17,0,0
2023-03-10,PROD_B,TIENDA_01,28,24.09,0,0
2023-03-10,PROD_C,TIENDA_01,52,8.68,0,0
2023-03-11,PROD_A,TIENDA_01,72,13.31,1,0
2023-03-11,PROD_B,TIENDA_01,38,24.43,0,0
2023-03-11,PROD_C,TIENDA_01,120,8.66,1,0
2023-03-12,PROD_A,TIENDA_01,67,13.25,0,0
2023-03-12,PROD_B,TIENDA_01,41,24.57,0,0
2023-03-12,PROD_C,TIENDA_01,127,8.68,1,0
2023-03-13,PROD_A,TIENDA_01,42,13.0,0,0
2023-03-13,PROD_B,TIENDA_01,28,24.52,0,0
2023-03-13,PROD_C,TIENDA_01,56,8.74,0,0
2023-03-14,PROD_A,TIENDA_01,46,12.99,0,0
2023-03-14,PROD_B,TIENDA_01,36,23.88,1,0
2023-03-14,PROD_C,TIENDA_01,54,8.59,0,0
2023-03-15,PROD_A,TIENDA_01,47,12.69,0,0
2023-03-15,PROD_B,TIENDA_01,32,24.82,0,0
2023-03-15,PROD_C,TIENDA_01,59,8.6,0,0
2023-03-16,PROD_A,TIENDA_01,66,12.62,1,0
2023-03-16,PROD_B,TIENDA_01,41,24.0,1,0
2023-03-16,PROD_C,TIENDA_01,51,8.79,0,0
2023-03-17,PROD_A,TIENDA_01,56,12.74,1,0
2023-03-17,PROD_B,TIENDA_01,30,24.59,0,0
2023-03-17,PROD_C,TIENDA_01,86,8.83,1,0
2023-03-18,PROD_A,TIENDA_01,51,12.95,0,0
2023-03-18,PROD_B,TIENDA_01,43,24.02,0,0
2023-03-18,PROD_C,TIENDA_01,80,8.9,0,0
2023-03-19,PROD_A,TIENDA_01,61,13.11,0,0
2023-03-19,PROD_B,TIENDA_01,48,24.27,0,0
2023-03-19,PROD_C,TIENDA_01,92,8.61,0,0
2023-03-20,PROD_A,TIENDA_01,33,12.76,0,0
2023-03-20,PROD_B,TIENDA_01,25,24.38,0,0
2023-03-20,PROD_C,TIENDA_01,60,8.74,1,0
2023-03-21,PROD_A,TIENDA_01,38,13.21,0,0
2023-03-21,PROD_B,TIENDA_01,26,24.47,0,0
2023-03-21,PROD_C,TIENDA_01,83,8.92,1,0
2023-03-22,PROD_A,TIENDA_01,48,13.11,0,0
2023-03-22,PROD_B,TIENDA_01,28,23.83,0,0
2023-03-22,PROD_C,TIENDA_01,55,8.91,0,0
2023-03-23,PROD_A,TIENDA_01,43,13.06,0,0
2023-03-23,PROD_B,TIENDA_01,32,24.79,0,0
2023-03-23,PROD_C,TIENDA_01,72,8.74,1,0
2023-03-24,PROD_A,TIENDA_01,49,12.82,0,0
2023-03-24,PROD_B,TIENDA_01,29,24.04,0,0
2023-03-24,PROD_C,TIENDA_01,65,8.79,0,0
2023-03-25,PROD_A,TIENDA_01,67,13.11,1,0
2023-03-25,PROD_B,TIENDA_01,36,24.3,0,0
2023-03-25,PROD_C,TIENDA_01,110,8.62,1,0
2023-03-26,PROD_A,TIENDA_01,65,12.89,0,0
2023-03-26,PROD_B,TIENDA_01,47,24.87,0,0
2023-03-26,PROD_C,TIENDA_01,97,8.74,0,0
2023-03-27,PROD_A,TIENDA_01,38,12.8,0,0
2023-03-27,PROD_B,TIENDA_01,24,24.8,0,0
2023-03-27,PROD_C,TIENDA_01,56,8.83,0,0
2023-03-28,PROD_A,TIENDA_01,44,13.15,0,0
2023-03-28,PROD_B,TIENDA_01,37,24.35,1,0
2023-03-28,PROD_C,TIENDA_01,60,8.85,0,0
2023-03-29,PROD_A,TIENDA_01,40,13.35,0,0
2023-03-29,PROD_B,TIENDA_01,35,23.98,1,0
2023-03-29,PROD_C,TIENDA_01,58,8.52,0,0
2023-03-30,PROD_A,TIENDA_01,39,12.63,0,0
2023-03-30,PROD_B,TIENDA_01,34,24.67,0,0
2023-03-30,PROD_C,TIENDA_01,63,8.8,0,0
2023-03-31,PROD_A,TIENDA_01,49,13.1,0,0
2023-03-31,PROD_B,TIENDA_01,27,24.73,0,0
2023-03-31,PROD_C,TIENDA_01,56,8.51,0,0
2023-04-01,PROD_A,TIENDA_01,58,12.78,0,0
2023-04-01,PROD_B,TIENDA_01,45,24.12,1,0
2023-04-01,PROD_C,TIENDA_01,94,9.01,1,0
2023-04-02,PROD_A,TIENDA_01,64,12.91,0,0
2023-04-02,PROD_B,TIENDA_01,45,24.85,0,0
2023-04-02,PROD_C,TIENDA_01,106,8.64,1,0
2023-04-03,PROD_A,TIENDA_01,43,12.87,0,0
2023-04-03,PROD_B,TIENDA_01,23,24.66,0,0
2023-04-03,PROD_C,TIENDA_01,77,8.79,1,0
2023-04-04,PROD_A,TIENDA_01,43,12.68,0,0
2023-04-04,PROD_B,TIENDA_01,38,25.16,1,0
2023-04-04,PROD_C,TIENDA_01,68,8.95,0,0
2023-04-05,PROD_A,TIENDA_01,46,13.14,0,0
2023-04-05,PROD_B,TIENDA_01,30,24.9,0,0
2023-04-05,PROD_C,TIENDA_01,68,8.73,0,0
2023-04-06,PROD_A,TIENDA_01,46,12.62,0,0
2023-04-06,PROD_B,TIENDA_01,35,24.7,1,0
2023-04-06,PROD_C,TIENDA_01,63,8.61,0,0
2023-04-07,PROD_A,TIENDA_01,71,13.0,0,1
2023-04-07,PROD_B,TIENDA_01,62,24.13,1,1
2023-04-07,PROD_C,TIENDA_01,119,8.92,1,1
2023-04-08,PROD_A,TIENDA_01,124,12.97,1,1
2023-04-08,PROD_B,TIENDA_01,61,24.16,0,1
2023-04-08,PROD_C,TIENDA_01,115,8.97,0,1
2023-04-09,PROD_A,TIENDA_01,61,13.17,0,0
2023-04-09,PROD_B,TIENDA_01,41,24.06,0,0
2023-04-09,PROD_C,TIENDA_01,93,8.57,0,0
2023-04-10,PROD_A,TIENDA_01,58,13.13,1,0
2023-04-10,PROD_B,TIENDA_01,26,24.89,0,0
2023-04-10,PROD_C,TIENDA_01,43,8.74,0,0
2023-04-11,PROD_A,TIENDA_01,44,13.37,0,0
2023-04-11,PROD_B,TIENDA_01,33,24.49,0,0
2023-04-11,PROD_C,TIENDA_01,67,8.63,0,0
2023-04-12,PROD_A,TIENDA_01,46,12.64,0,0
2023-04-12,PROD_B,TIENDA_01,29,24.56,0,0
2023-04-12,PROD_C,TIENDA_01,58,8.85,0,0
2023-04-13,PROD_A,TIENDA_01,69,13.14,1,0
2023-04-13,PROD_B,TIENDA_01,31,23.78,0,0
2023-04-13,PROD_C,TIENDA_01,61,8.66,0,0
2023-04-14,PROD_A,TIENDA_01,41,13.03,0,0
2023-04-14,PROD_B,TIENDA_01,29,24.67,0,0
2023-04-14,PROD_C,TIENDA_01,59,8.6,0,0
2023-04-15,PROD_A,TIENDA_01,56,13.27,0,0
2023-04-15,PROD_B,TIENDA_01,35,23.96,0,0
2023-04-15,PROD_C,TIENDA_01,71,8.54,0,0
2023-04-16,PROD_A,TIENDA_01,62,12.94,0,0
2023-04-16,PROD_B,TIENDA_01,40,25.17,0,0
2023-04-16,PROD_C,TIENDA_01,132,8.58,1,0
2023-04-17,PROD_A,TIENDA_01,43,13.26,0,0
2023-04-17,PROD_B,TIENDA_01,27,24.92,0,0
2023-04-17,PROD_C,TIENDA_01,51,8.79,0,0
2023-04-18,PROD_A,TIENDA_01,47,12.65,0,0
2023-04-18,PROD_B,TIENDA_01,29,24.69,0,0
2023-04-18,PROD_C,TIENDA_01,57,8.68,0,0
2023-04-19,PROD_A,TIENDA_01,50,12.8,0,0
2023-04-19,PROD_B,TIENDA_01,35,25.04,1,0
2023-04-19,PROD_C,TIENDA_01,54,8.79,0,0
2023-04-20,PROD_A,TIENDA_01,40,13.21,0,0
2023-04-20,PROD_B,TIENDA_01,31,24.48,0,0
2023-04-20,PROD_C,TIENDA_01,67,8.69,0,0
2023-04-21,PROD_A,TIENDA_01,46,12.71,0,0
2023-04-21,PROD_B,TIENDA_01,44,24.26,1,0
2023-04-21,PROD_C,TIENDA_01,61,8.93,0,0
2023-04-22,PROD_A,TIENDA_01,70,12.78,1,0
2023-04-22,PROD_B,TIENDA_01,36,24.16,0,0
2023-04-22,PROD_C,TIENDA_01,72,8.72,0,0
2023-04-23,PROD_A,TIENDA_01,64,13.06,0,0
2023-04-23,PROD_B,TIENDA_01,43,24.04,0,0
2023-04-23,PROD_C,TIENDA_01,129,8.84,1,0
2023-04-24,PROD_A,TIENDA_01,40,12.66,0,0
2023-04-24,PROD_B,TIENDA_01,30,23.86,1,0
2023-04-24,PROD_C,TIENDA_01,51,8.5,0,0
2023-04-25,PROD_A,TIENDA_01,48,12.67,0,0
2023-04-25,PROD_B,TIENDA_01,26,24.73,0,0
2023-04-25,PROD_C,TIENDA_01,56,8.62,0,0
2023-04-26,PROD_A,TIENDA_01,46,12.7,0,0
2023-04-26,PROD_B,TIENDA_01,25,24.74,0,0
2023-04-26,PROD_C,TIENDA_01,56,8.74,0,0
2023-04-27,PROD_A,TIENDA_01,45,12.81,0,0
2023-04-27,PROD_B,TIENDA_01,34,24.79,0,0
2023-04-27,PROD_C,TIENDA_01,83,8.82,1,0
2023-04-28,PROD_A,TIENDA_01,45,13.01,0,0
2023-04-28,PROD_B,TIENDA_01,28,24.28,0,0
2023-04-28,PROD_C,TIENDA_01,65,8.72,0,0
2023-04-29,PROD_A,TIENDA_01,54,12.84,0,0
2023-04-29,PROD_B,TIENDA_01,57,25.01,1,0
2023-04-29,PROD_C,TIENDA_01,77,8.49,0,0
2023-04-30,PROD_A,TIENDA_01,76,12.97,0,0
2023-04-30,PROD_B,TIENDA_01,59,24.2,1,0
2023-04-30,PROD_C,TIENDA_01,76,8.68,0,0
2023-05-01,PROD_A,TIENDA_01,54,12.91,0,1
2023-05-01,PROD_B,TIENDA_01,51,24.34,1,1
2023-05-01,PROD_C,TIENDA_01,66,8.71,0,1
2023-05-02,PROD_A,TIENDA_01,48,13.31,0,0
2023-05-02,PROD_B,TIENDA_01,31,24.18,0,0
2023-05-02,PROD_C,TIENDA_01,65,8.7,0,0
2023-05-03,PROD_A,TIENDA_01,40,12.83,0,0
2023-05-03,PROD_B,TIENDA_01,31,24.17,0,0
2023-05-03,PROD_C,TIENDA_01,54,8.5,0,0
2023-05-04,PROD_A,TIENDA_01,61,12.75,1,0
2023-05-04,PROD_B,TIENDA_01,37,24.82,1,0
2023-05-04,PROD_C,TIENDA_01,55,8.57,0,0
2023-05-05,PROD_A,TIENDA_01,42,12.84,0,0
2023-05-05,PROD_B,TIENDA_01,34,24.45,0,0
2023-05-05,PROD_C,TIENDA_01,56,8.93,0,0
2023-05-06,PROD_A,TIENDA_01,50,13.2,0,0
2023-05-06,PROD_B,TIENDA_01,52,24.05,1,0
2023-05-06,PROD_C,TIENDA_01,85,8.92,0,0
2023-05-07,PROD_A,TIENDA_01,98,12.79,1,0
2023-05-07,PROD_B,TIENDA_01,44,24.85,0,0
2023-05-07,PROD_C,TIENDA_01,120,8.89,1,0
2023-05-08,PROD_A,TIENDA_01,43,12.97,0,0
2023-05-08,PROD_B,TIENDA_01,24,24.24,0,0
2023-05-08,PROD_C,TIENDA_01,43,8.98,0,0
2023-05-09,PROD_A,TIENDA_01,41,13.1,0,0
2023-05-09,PROD_B,TIENDA_01,45,25.03,1,0
2023-05-09,PROD_C,TIENDA_01,53,8.82,0,0
2023-05-10,PROD_A,TIENDA_01,40,12.82,0,0
2023-05-10,PROD_B,TIENDA_01,44,23.78,1,0
2023-05-10,PROD_C,TIENDA_01,87,8.74,1,0
2023-05-11,PROD_A,TIENDA_01,43,12.67,0,0
2023-05-11,PROD_B,TIENDA_01,35,24.67,1,0
2023-05-11,PROD_C,TIENDA_01,68,8.82,0,0
2023-05-12,PROD_A,TIENDA_01,63,13.15,1,0
2023-05-12,PROD_B,TIENDA_01,26,24.11,0,0
2023-05-12,PROD_C,TIENDA_01,65,8.88,0,0
2023-05-13,PROD_A,TIENDA_01,57,12.75,0,0
2023-05-13,PROD_B,TIENDA_01,37,23.96,0,0
2023-05-13,PROD_C,TIENDA_01,77,8.72,0,0
2023-05-14,PROD_A,TIENDA_01,71,12.75,0,0
2023-05-14,PROD_B,TIENDA_01,57,24.84,1,0
2023-05-14,PROD_C,TIENDA_01,98,8.97,0,0
2023-05-15,PROD_A,TIENDA_01,33,12.72,0,0
2023-05-15,PROD_B,TIENDA_01,23,24.3,0,0
2023-05-15,PROD_C,TIENDA_01,71,8.69,1,0
2023-05-16,PROD_A,TIENDA_01,51,13.27,1,0
2023-05-16,PROD_B,TIENDA_01,27,24.82,0,0
2023-05-16,PROD_C,TIENDA_01,60,8.69,0,0
2023-05-17,PROD_A,TIENDA_01,44,13.03,0,0
2023-05-17,PROD_B,TIENDA_01,28,24.71,0,0
2023-05-17,PROD_C,TIENDA_01,81,8.52,1,0
2023-05-18,PROD_A,TIENDA_01,40,13.28,0,0
2023-05-18,PROD_B,TIENDA_01,29,23.91,0,0
2023-05-18,PROD_C,TIENDA_01,66,8.83,0,0
2023-05-19,PROD_A,TIENDA_01,47,12.8,0,0
2023-05-19,PROD_B,TIENDA_01,30,23.87,0,0
2023-05-19,PROD_C,TIENDA_01,54,8.75,0,0
2023-05-20,PROD_A,TIENDA_01,51,13.22,0,0
2023-05-20,PROD_B,TIENDA_01,53,25.14,1,0
2023-05-20,PROD_C,TIENDA_01,74,8.86,0,0
2023-05-21,PROD_A,TIENDA_01,62,12.63,0,0
2023-05-21,PROD_B,TIENDA_01,57,25.15,1,0
2023-05-21,PROD_C,TIENDA_01,79,8.87,0,0
2023-05-22,PROD_A,TIENDA_01,34,13.01,0,0
2023-05-22,PROD_B,TIENDA_01,26,24.03,0,0
2023-05-22,PROD_C,TIENDA_01,49,8.54,0,0
2023-05-23,PROD_A,TIENDA_01,43,12.96,0,0
2023-05-23,PROD_B,TIENDA_01,33,24.01,0,0
2023-05-23,PROD_C,TIENDA_01,78,8.66,1,0
2023-05-24,PROD_A,TIENDA_01,69,12.95,1,0
2023-05-24,PROD_B,TIENDA_01,28,25.22,0,0
2023-05-24,PROD_C,TIENDA_01,57,8.89,0,0
2023-05-25,PROD_A,TIENDA_01,48,13.07,0,0
2023-05-25,PROD_B,TIENDA_01,27,24.89,0,0
2023-05-25,PROD_C,TIENDA_01,55,8.99,0,0
2023-05-26,PROD_A,TIENDA_01,43,13.17,0,0
2023-05-26,PROD_B,TIENDA_01,30,24.53,0,0
2023-05-26,PROD_C,TIENDA_01,56,8.65,0,0
2023-05-27,PROD_A,TIENDA_01,64,12.62,0,0
2023-05-27,PROD_B,TIENDA_01,41,24.17,0,0
2023-05-27,PROD_C,TIENDA_01,79,8.97,0,0
2023-05-28,PROD_A,TIENDA_01,78,12.88,1,0
2023-05-28,PROD_B,TIENDA_01,58,24.62,1,0
2023-05-28,PROD_C,TIENDA_01,98,8.54,0,0
2023-05-29,PROD_A,TIENDA_01,43,13.17,0,0
2023-05-29,PROD_B,TIENDA_01,27,24.02,0,0
2023-05-29,PROD_C,TIENDA_01,53,8.79,0,0
2023-05-30,PROD_A,TIENDA_01,46,12.83,0,0
2023-05-30,PROD_B,TIENDA_01,30,23.88,0,0
2023-05-30,PROD_C,TIENDA_01,87,8.67,1,0
2023-05-31,PROD_A,TIENDA_01,43,13.28,0,0
2023-05-31,PROD_B,TIENDA_01,27,24.72,0,0
2023-05-31,PROD_C,TIENDA_01,51,8.9,0,0
2023-06-01,PROD_A,TIENDA_01,67,12.63,0,0
2023-06-01,PROD_B,TIENDA_01,21,24.5,0,0
2023-06-01,PROD_C,TIENDA_01,51,8.87,0,0
2023-06-02,PROD_A,TIENDA_01,70,13.06,0,0
2023-06-02,PROD_B,TIENDA_01,21,24.19,0,0
2023-06-02,PROD_C,TIENDA_01,53,8.53,0,0
2023-06-03,PROD_A,TIENDA_01,80,12.91,0,0
2023-06-03,PROD_B,TIENDA_01,42,24.9,1,0
2023-06-03,PROD_C,TIENDA_01,93,8.78,1,0
2023-06-04,PROD_A,TIENDA_01,112,12.75,0,0
2023-06-04,PROD_B,TIENDA_01,38,24.13,0,0
2023-06-04,PROD_C,TIENDA_01,131,8.66,1,0
2023-06-05,PROD_A,TIENDA_01,53,13.12,0,0
2023-06-05,PROD_B,TIENDA_01,19,24.24,0,0
2023-06-05,PROD_C,TIENDA_01,43,8.65,0,0
2023-06-06,PROD_A,TIENDA_01,74,13.37,0,0
2023-06-06,PROD_B,TIENDA_01,21,23.83,0,0
2023-06-06,PROD_C,TIENDA_01,54,8.68,0,0
2023-06-07,PROD_A,TIENDA_01,79,12.69,0,0
2023-06-07,PROD_B,TIENDA_01,36,25.13,1,0
2023-06-07,PROD_C,TIENDA_01,65,8.49,0,0
2023-06-08,PROD_A,TIENDA_01,63,12.95,0,0
2023-06-08,PROD_B,TIENDA_01,29,24.56,1,0
2023-06-08,PROD_C,TIENDA_01,60,8.62,0,0
2023-06-09,PROD_A,TIENDA_01,76,12.71,0,0
2023-06-09,PROD_B,TIENDA_01,20,24.62,0,0
2023-06-09,PROD_C,TIENDA_01,51,8.58,0,0
2023-06-10,PROD_A,TIENDA_01,101,13.08,0,0
2023-06-10,PROD_B,TIENDA_01,44,23.78,1,0
2023-06-10,PROD_C,TIENDA_01,72,8.93,0,0
2023-06-11,PROD_A,TIENDA_01,119,12.62,0,0
2023-06-11,PROD_B,TIENDA_01,37,24.1,0,0
2023-06-11,PROD_C,TIENDA_01,102,8.54,0,0
2023-06-12,PROD_A,TIENDA_01,67,13.01,0,0
2023-06-12,PROD_B,TIENDA_01,27,24.44,1,0
2023-06-12,PROD_C,TIENDA_01,43,8.62,0,0
2023-06-13,PROD_A,TIENDA_01,68,12.91,0,0
2023-06-13,PROD_B,TIENDA_01,30,24.28,1,0
2023-06-13,PROD_C,TIENDA_01,55,9.0,0,0
2023-06-14,PROD_A,TIENDA_01,78,13.09,0,0
2023-06-14,PROD_B,TIENDA_01,26,24.96,0,0
2023-06-14,PROD_C,TIENDA_01,82,8.63,1,0
2023-06-15,PROD_A,TIENDA_01,108,13.11,1,0
2023-06-15,PROD_B,TIENDA_01,31,25.18,1,0
2023-06-15,PROD_C,TIENDA_01,62,8.61,0,0
2023-06-16,PROD_A,TIENDA_01,64,13.36,0,0
2023-06-16,PROD_B,TIENDA_01,22,24.56,0,0
2023-06-16,PROD_C,TIENDA_01,53,8.77,0,0
2023-06-17,PROD_A,TIENDA_01,103,12.84,0,0
2023-06-17,PROD_B,TIENDA_01,31,23.96,0,0
2023-06-17,PROD_C,TIENDA_01,89,8.56,0,0
2023-06-18,PROD_A,TIENDA_01,121,12.85,0,0
2023-06-18,PROD_B,TIENDA_01,40,23.94,0,0
2023-06-18,PROD_C,TIENDA_01,100,8.87,0,0
2023-06-19,PROD_A,TIENDA_01,68,12.92,0,0
2023-06-19,PROD_B,TIENDA_01,20,25.14,0,0
2023-06-19,PROD_C,TIENDA_01,57,8.63,0,0
2023-06-20,PROD_A,TIENDA_01,63,12.74,0,0
2023-06-20,PROD_B,TIENDA_01,24,24.16,0,0
2023-06-20,PROD_C,TIENDA_01,55,8.61,0,0
2023-06-21,PROD_A,TIENDA_01,68,13.14,0,0
2023-06-21,PROD_B,TIENDA_01,24,24.65,0,0
2023-06-21,PROD_C,TIENDA_01,57,8.93,0,0
2023-06-22,PROD_A,TIENDA_01,64,12.75,0,0
2023-06-22,PROD_B,TIENDA_01,34,23.79,1,0
2023-06-22,PROD_C,TIENDA_01,58,8.88,0,0
2023-06-23,PROD_A,TIENDA_01,77,12.65,0,0
2023-06-23,PROD_B,TIENDA_01,27,25.04,0,0
2023-06-23,PROD_C,TIENDA_01,56,8.73,0,0
2023-06-24,PROD_A,TIENDA_01,90,12.63,0,0
2023-06-24,PROD_B,TIENDA_01,30,24.22,0,0
2023-06-24,PROD_C,TIENDA_01,83,8.8,0,0
2023-06-25,PROD_A,TIENDA_01,120,13.21,0,0
2023-06-25,PROD_B,TIENDA_01,35,24.98,0,0
2023-06-25,PROD_C,TIENDA_01,139,8.76,1,0
2023-06-26,PROD_A,TIENDA_01,65,13.03,0,0
2023-06-26,PROD_B,TIENDA_01,21,23.84,0,0
2023-06-26,PROD_C,TIENDA_01,49,8.65,0,0
2023-06-27,PROD_A,TIENDA_01,71,12.93,0,0
2023-06-27,PROD_B,TIENDA_01,20,24.52,0,0
2023-06-27,PROD_C,TIENDA_01,89,8.72,1,0
2023-06-28,PROD_A,TIENDA_01,63,13.21,0,0
2023-06-28,PROD_B,TIENDA_01,25,23.96,0,0
2023-06-28,PROD_C,TIENDA_01,59,8.58,0,0
2023-06-29,PROD_A,TIENDA_01,76,12.76,0,0
2023-06-29,PROD_B,TIENDA_01,22,24.78,0,0
2023-06-29,PROD_C,TIENDA_01,65,8.86,0,0
2023-06-30,PROD_A,TIENDA_01,85,12.95,1,0
2023-06-30,PROD_B,TIENDA_01,24,24.33,0,0
2023-06-30,PROD_C,TIENDA_01,60,8.99,0,0
2023-07-01,PROD_A,TIENDA_01,90,13.2,0,0
2023-07-01,PROD_B,TIENDA_01,31,24.73,0,0
2023-07-01,PROD_C,TIENDA_01,116,8.58,1,0
2023-07-02,PROD_A,TIENDA_01,105,12.84,0,0
2023-07-02,PROD_B,TIENDA_01,35,24.69,0,0
2023-07-02,PROD_C,TIENDA_01,108,8.59,1,0
2023-07-03,PROD_A,TIENDA_01,56,12.96,0,0
2023-07-03,PROD_B,TIENDA_01,20,23.77,0,0
2023-07-03,PROD_C,TIENDA_01,46,8.8,0,0
2023-07-04,PROD_A,TIENDA_01,70,12.66,0,0
2023-07-04,PROD_B,TIENDA_01,22,24.57,0,0
2023-07-04,PROD_C,TIENDA_01,61,8.92,0,0
2023-07-05,PROD_A,TIENDA_01,86,13.11,1,0
2023-07-05,PROD_B,TIENDA_01,35,24.75,1,0
2023-07-05,PROD_C,TIENDA_01,56,8.97,0,0
2023-07-06,PROD_A,TIENDA_01,94,12.74,1,0
2023-07-06,PROD_B,TIENDA_01,24,24.78,0,0
2023-07-06,PROD_C,TIENDA_01,65,8.58,0,0
2023-07-07,PROD_A,TIENDA_01,73,13.33,0,0
2023-07-07,PROD_B,TIENDA_01,30,24.31,1,0
2023-07-07,PROD_C,TIENDA_01,52,8.71,0,0
2023-07-08,PROD_A,TIENDA_01,87,12.71,0,0
2023-07-08,PROD_B,TIENDA_01,29,24.54,0,0
2023-07-08,PROD_C,TIENDA_01,82,8.81,0,0
2023-07-09,PROD_A,TIENDA_01,155,13.09,1,0
2023-07-09,PROD_B,TIENDA_01,35,24.78,0,0
2023-07-09,PROD_C,TIENDA_01,103,8.64,0,0
2023-07-10,PROD_A,TIENDA_01,57,13.01,0,0
2023-07-10,PROD_B,TIENDA_01,19,23.96,0,0
2023-07-10,PROD_C,TIENDA_01,51,8.82,0,0
2023-07-11,PROD_A,TIENDA_01,65,13.08,0,0
2023-07-11,PROD_B,TIENDA_01,27,23.77,0,0
2023-07-11,PROD_C,TIENDA_01,84,8.55,1,0
2023-07-12,PROD_A,TIENDA_01,78,13.38,0,0
2023-07-12,PROD_B,TIENDA_01,22,24.59,0,0
2023-07-12,PROD_C,TIENDA_01,51,8.59,0,0
2023-07-13,PROD_A,TIENDA_01,78,12.84,0,0
2023-07-13,PROD_B,TIENDA_01,22,23.77,0,0
2023-07-13,PROD_C,TIENDA_01,57,8.87,0,0
2023-07-14,PROD_A,TIENDA_01,61,12.74,0,0
2023-07-14,PROD_B,TIENDA_01,22,24.75,0,0
2023-07-14,PROD_C,TIENDA_01,65,8.83,0,0
2023-07-15,PROD_A,TIENDA_01,97,13.3,0,0
2023-07-15,PROD_B,TIENDA_01,29,24.92,0,0
2023-07-15,PROD_C,TIENDA_01,83,8.93,0,0
2023-07-16,PROD_A,TIENDA_01,115,12.85,0,0
2023-07-16,PROD_B,TIENDA_01,32,24.77,0,0
2023-07-16,PROD_C,TIENDA_01,100,8.67,0,0
2023-07-17,PROD_A,TIENDA_01,57,12.62,0,0
2023-07-17,PROD_B,TIENDA_01,21,25.0,0,0
2023-07-17,PROD_C,TIENDA_01,49,8.8,0,0
2023-07-18,PROD_A,TIENDA_01,77,13.15,0,0
2023-07-18,PROD_B,TIENDA_01,20,24.37,0,0
2023-07-18,PROD_C,TIENDA_01,55,8.72,0,0
2023-07-19,PROD_A,TIENDA_01,65,12.84,0,0
2023-07-19,PROD_B,TIENDA_01,35,24.91,1,0
2023-07-19,PROD_C,TIENDA_01,58,8.5,0,0
2023-07-20,PROD_A,TIENDA_01,72,12.75,0,0
2023-07-20,PROD_B,TIENDA_01,25,24.53,0,0
2023-07-20,PROD_C,TIENDA_01,53,8.95,0,0
2023-07-21,PROD_A,TIENDA_01,81,13.13,0,0
2023-07-21,PROD_B,TIENDA_01,34,24.44,1,0
2023-07-21,PROD_C,TIENDA_01,60,8.49,0,0
2023-07-22,PROD_A,TIENDA_01,98,13.06,0,0
2023-07-22,PROD_B,TIENDA_01,41,23.83,1,0
2023-07-22,PROD_C,TIENDA_01,81,8.65,0,0
2023-07-23,PROD_A,TIENDA_01,101,13.3,0,0
2023-07-23,PROD_B,TIENDA_01,32,24.17,0,0
2023-07-23,PROD_C,TIENDA_01,88,8.55,0,0
2023-07-24,PROD_A,TIENDA_01,77,12.61,1,0
2023-07-24,PROD_B,TIENDA_01,20,24.07,0,0
2023-07-24,PROD_C,TIENDA_01,48,8.56,0,0
2023-07-25,PROD_A,TIENDA_01,67,12.79,0,0
2023-07-25,PROD_B,TIENDA_01,33,24.26,1,0
2023-07-25,PROD_C,TIENDA_01,53,8.73,0,0
2023-07-26,PROD_A,TIENDA_01,63,12.64,0,0
2023-07-26,PROD_B,TIENDA_01,21,24.64,0,0
2023-07-26,PROD_C,TIENDA_01,66,8.85,0,0
2023-07-27,PROD_A,TIENDA_01,67,13.24,0,0
2023-07-27,PROD_B,TIENDA_01,25,24.55,0,0
2023-07-27,PROD_C,TIENDA_01,64,8.73,0,0
2023-07-28,PROD_A,TIENDA_01,106,13.32,1,0
2023-07-28,PROD_B,TIENDA_01,23,24.77,0,0
2023-07-28,PROD_C,TIENDA_01,59,8.61,0,0
2023-07-29,PROD_A,TIENDA_01,103,13.08,0,0
2023-07-29,PROD_B,TIENDA_01,30,24.79,0,0
2023-07-29,PROD_C,TIENDA_01,84,8.95,0,0
2023-07-30,PROD_A,TIENDA_01,92,12.97,0,0
2023-07-30,PROD_B,TIENDA_01,35,24.02,0,0
2023-07-30,PROD_C,TIENDA_01,92,8.55,0,0
2023-07-31,PROD_A,TIENDA_01,90,13.22,1,0
2023-07-31,PROD_B,TIENDA_01,21,24.93,0,0
2023-07-31,PROD_C,TIENDA_01,49,8.7,0,0
2023-08-01,PROD_A,TIENDA_01,73,13.36,0,0
2023-08-01,PROD_B,TIENDA_01,28,24.96,0,0
2023-08-01,PROD_C,TIENDA_01,65,8.72,0,0
2023-08-02,PROD_A,TIENDA_01,72,12.78,0,0
2023-08-02,PROD_B,TIENDA_01,26,25.13,0,0
2023-08-02,PROD_C,TIENDA_01,59,8.8,0,0
2023-08-03,PROD_A,TIENDA_01,73,13.24,0,0
2023-08-03,PROD_B,TIENDA_01,46,23.87,1,0
2023-08-03,PROD_C,TIENDA_01,88,8.89,1,0
2023-08-04,PROD_A,TIENDA_01,71,13.11,0,0
2023-08-04,PROD_B,TIENDA_01,44,25.07,1,0
2023-08-04,PROD_C,TIENDA_01,62,8.49,0,0
2023-08-05,PROD_A,TIENDA_01,113,13.01,1,0
2023-08-05,PROD_B,TIENDA_01,39,24.05,0,0
2023-08-05,PROD_C,TIENDA_01,73,8.79,0,0
2023-08-06,PROD_A,TIENDA_01,101,13.34,0,0
2023-08-06,PROD_B,TIENDA_01,51,24.27,0,0
2023-08-06,PROD_C,TIENDA_01,103,9.01,1,0
2023-08-07,PROD_A,TIENDA_01,54,12.83,0,0
2023-08-07,PROD_B,TIENDA_01,25,23.84,0,0
2023-08-07,PROD_C,TIENDA_01,55,8.68,0,0
2023-08-08,PROD_A,TIENDA_01,79,12.78,0,0
2023-08-08,PROD_B,TIENDA_01,29,24.23,0,0
2023-08-08,PROD_C,TIENDA_01,57,8.77,0,0
2023-08-09,PROD_A,TIENDA_01,71,12.75,0,0
2023-08-09,PROD_B,TIENDA_01,33,25.0,0,0
2023-08-09,PROD_C,TIENDA_01,93,8.84,1,0
2023-08-10,PROD_A,TIENDA_01,84,12.61,1,0
2023-08-10,PROD_B,TIENDA_01,29,24.41,0,0
2023-08-10,PROD_C,TIENDA_01,52,8.82,0,0
2023-08-11,PROD_A,TIENDA_01,71,13.22,0,0
2023-08-11,PROD_B,TIENDA_01,29,24.03,0,0
2023-08-11,PROD_C,TIENDA_01,60,8.72,0,0
2023-08-12,PROD_A,TIENDA_01,84,13.07,0,0
2023-08-12,PROD_B,TIENDA_01,43,24.11,0,0
2023-08-12,PROD_C,TIENDA_01,75,8.77,0,0
2023-08-13,PROD_A,TIENDA_01,123,13.04,0,0
2023-08-13,PROD_B,TIENDA_01,39,24.47,0,0
2023-08-13,PROD_C,TIENDA_01,80,8.87,0,0
2023-08-14,PROD_A,TIENDA_01,70,13.21,0,0
2023-08-14,PROD_B,TIENDA_01,22,25.07,0,0
2023-08-14,PROD_C,TIENDA_01,68,8.88,1,0
2023-08-15,PROD_A,TIENDA_01,88,13.09,0,1
2023-08-15,PROD_B,TIENDA_01,39,23.84,0,1
2023-08-15,PROD_C,TIENDA_01,91,8.73,0,1
2023-08-16,PROD_A,TIENDA_01,71,13.17,0,0
2023-08-16,PROD_B,TIENDA_01,34,24.94,0,0
2023-08-16,PROD_C,TIENDA_01,51,8.97,0,0
2023-08-17,PROD_A,TIENDA_01,76,13.04,0,0
2023-08-17,PROD_B,TIENDA_01,40,24.01,1,0
2023-08-17,PROD_C,TIENDA_01,92,8.91,1,0
2023-08-18,PROD_A,TIENDA_01,67,12.66,0,0
2023-08-18,PROD_B,TIENDA_01,33,24.17,0,0
2023-08-18,PROD_C,TIENDA_01,75,8.94,1,0
2023-08-19,PROD_A,TIENDA_01,111,12.74,1,0
2023-08-19,PROD_B,TIENDA_01,34,24.42,0,0
2023-08-19,PROD_C,TIENDA_01,72,8.86,0,0
2023-08-20,PROD_A,TIENDA_01,117,13.27,0,0
2023-08-20,PROD_B,TIENDA_01,39,23.98,0,0
2023-08-20,PROD_C,TIENDA_01,80,8.75,0,0
2023-08-21,PROD_A,TIENDA_01,66,12.79,0,0
2023-08-21,PROD_B,TIENDA_01,26,24.07,0,0
2023-08-21,PROD_C,TIENDA_01,48,8.82,0,0
2023-08-22,PROD_A,TIENDA_01,63,12.73,0,0
2023-08-22,PROD_B,TIENDA_01,28,24.86,0,0
2023-08-22,PROD_C,TIENDA_01,60,8.69,0,0
2023-08-23,PROD_A,TIENDA_01,71,12.71,0,0
2023-08-23,PROD_B,TIENDA_01,25,25.13,0,0
2023-08-23,PROD_C,TIENDA_01,63,8.99,0,0
2023-08-24,PROD_A,TIENDA_01,62,13.32,0,0
2023-08-24,PROD_B,TIENDA_01,34,24.4,0,0
2023-08-24,PROD_C,TIENDA_01,66,8.66,0,0
2023-08-25,PROD_A,TIENDA_01,63,13.11,0,0
2023-08-25,PROD_B,TIENDA_01,32,24.87,0,0
2023-08-25,PROD_C,TIENDA_01,61,8.59,0,0
2023-08-26,PROD_A,TIENDA_01,98,12.74,0,0
2023-08-26,PROD_B,TIENDA_01,41,24.99,0,0
2023-08-26,PROD_C,TIENDA_01,92,8.54,1,0
2023-08-27,PROD_A,TIENDA_01,98,12.82,0,0
2023-08-27,PROD_B,TIENDA_01,52,23.9,1,0
2023-08-27,PROD_C,TIENDA_01,94,8.93,0,0
2023-08-28,PROD_A,TIENDA_01,63,13.15,0,0
2023-08-28,PROD_B,TIENDA_01,38,23.96,1,0
2023-08-28,PROD_C,TIENDA_01,57,8.78,0,0
2023-08-29,PROD_A,TIENDA_01,80,13.14,0,0
2023-08-29,PROD_B,TIENDA_01,29,25.14,0,0
2023-08-29,PROD_C,TIENDA_01,67,8.63,0,0
2023-08-30,PROD_A,TIENDA_01,80,13.2,0,0
2023-08-30,PROD_B,TIENDA_01,26,23.87,0,0
2023-08-30,PROD_C,TIENDA_01,57,8.66,0,0
2023-08-31,PROD_A,TIENDA_01,110,12.81,1,0
2023-08-31,PROD_B,TIENDA_01,29,25.13,0,0
2023-08-31,PROD_C,TIENDA_01,54,8.75,0,0
2023-09-01,PROD_A,TIENDA_01,65,12.77,1,0
2023-09-01,PROD_B,TIENDA_01,33,24.82,0,0
2023-09-01,PROD_C,TIENDA_01,70,8.79,1,0
2023-09-02,PROD_A,TIENDA_01,57,13.3,0,0
2023-09-02,PROD_B,TIENDA_01,54,25.14,1,0
2023-09-02,PROD_C,TIENDA_01,72,8.86,0,0
2023-09-03,PROD_A,TIENDA_01,69,13.0,0,0
2023-09-03,PROD_B,TIENDA_01,44,24.41,0,0
2023-09-03,PROD_C,TIENDA_01,97,8.9,0,0
2023-09-04,PROD_A,TIENDA_01,32,13.34,0,0
2023-09-04,PROD_B,TIENDA_01,25,24.6,0,0
2023-09-04,PROD_C,TIENDA_01,48,8.85,0,0
2023-09-05,PROD_A,TIENDA_01,46,13.35,0,0
2023-09-05,PROD_B,TIENDA_01,40,25.18,1,0
2023-09-05,PROD_C,TIENDA_01,80,8.89,1,0
2023-09-06,PROD_A,TIENDA_01,40,12.63,0,0
2023-09-06,PROD_B,TIENDA_01,27,24.79,0,0
2023-09-06,PROD_C,TIENDA_01,62,8.68,0,0
2023-09-07,PROD_A,TIENDA_01,63,13.17,1,0
2023-09-07,PROD_B,TIENDA_01,36,24.82,1,0
2023-09-07,PROD_C,TIENDA_01,59,8.52,0,0
2023-09-08,PROD_A,TIENDA_01,42,13.02,0,0
2023-09-08,PROD_B,TIENDA_01,29,25.23,0,0
2023-09-08,PROD_C,TIENDA_01,70,8.9,1,0
2023-09-09,PROD_A,TIENDA_01,69,13.23,1,0
2023-09-09,PROD_B,TIENDA_01,38,24.76,0,0
2023-09-09,PROD_C,TIENDA_01,69,8.79,0,0
2023-09-10,PROD_A,TIENDA_01,58,12.71,0,0
2023-09-10,PROD_B,TIENDA_01,44,25.11,0,0
2023-09-10,PROD_C,TIENDA_01,128,8.56,1,0
2023-09-11,PROD_A,TIENDA_01,44,12.84,1,0
2023-09-11,PROD_B,TIENDA_01,25,24.02,0,0
2023-09-11,PROD_C,TIENDA_01,55,8.54,0,0
2023-09-12,PROD_A,TIENDA_01,49,12.77,0,0
2023-09-12,PROD_B,TIENDA_01,29,24.96,0,0
2023-09-12,PROD_C,TIENDA_01,63,8.66,0,0
2023-09-13,PROD_A,TIENDA_01,46,12.71,0,0
2023-09-13,PROD_B,TIENDA_01,32,24.89,0,0
2023-09-13,PROD_C,TIENDA_01,57,8.55,0,0
2023-09-14,PROD_A,TIENDA_01,59,13.14,1,0
2023-09-14,PROD_B,TIENDA_01,29,25.13,0,0
2023-09-14,PROD_C,TIENDA_01,71,8.93,1,0
2023-09-15,PROD_A,TIENDA_01,48,12.61,0,0
2023-09-15,PROD_B,TIENDA_01,25,24.03,0,0
2023-09-15,PROD_C,TIENDA_01,84,8.95,1,0
2023-09-16,PROD_A,TIENDA_01,63,13.2,0,0
2023-09-16,PROD_B,TIENDA_01,35,24.71,0,0
2023-09-16,PROD_C,TIENDA_01,75,8.98,0,0
2023-09-17,PROD_A,TIENDA_01,58,12.74,0,0
2023-09-17,PROD_B,TIENDA_01,51,24.69,0,0
2023-09-17,PROD_C,TIENDA_01,85,8.49,0,0
2023-09-18,PROD_A,TIENDA_01,33,13.01,0,0
2023-09-18,PROD_B,TIENDA_01,32,24.88,1,0
2023-09-18,PROD_C,TIENDA_01,46,8.89,0,0
2023-09-19,PROD_A,TIENDA_01,41,12.75,0,0
2023-09-19,PROD_B,TIENDA_01,31,25.19,0,0
2023-09-19,PROD_C,TIENDA_01,54,8.84,0,0
2023-09-20,PROD_A,TIENDA_01,63,12.82,1,0
2023-09-20,PROD_B,TIENDA_01,28,24.95,0,0
2023-09-20,PROD_C,TIENDA_01,51,8.88,0,0
2023-09-21,PROD_A,TIENDA_01,40,13.21,0,0
2023-09-21,PROD_B,TIENDA_01,26,25.08,0,0
2023-09-21,PROD_C,TIENDA_01,61,8.66,0,0
2023-09-22,PROD_A,TIENDA_01,63,12.85,1,0
2023-09-22,PROD_B,TIENDA_01,28,23.91,0,0
2023-09-22,PROD_C,TIENDA_01,66,8.68,0,0
2023-09-23,PROD_A,TIENDA_01,57,12.98,0,0
2023-09-23,PROD_B,TIENDA_01,34,25.13,0,0
2023-09-23,PROD_C,TIENDA_01,75,8.56,0,0
2023-09-24,PROD_A,TIENDA_01,70,13.36,0,0
2023-09-24,PROD_B,TIENDA_01,39,24.78,0,0
2023-09-24,PROD_C,TIENDA_01,108,8.93,1,0
2023-09-25,PROD_A,TIENDA_01,34,12.87,0,0
2023-09-25,PROD_B,TIENDA_01,26,24.93,0,0
2023-09-25,PROD_C,TIENDA_01,52,8.58,0,0
2023-09-26,PROD_A,TIENDA_01,49,12.67,0,0
2023-09-26,PROD_B,TIENDA_01,29,25.23,0,0
2023-09-26,PROD_C,TIENDA_01,66,8.63,0,0
2023-09-27,PROD_A,TIENDA_01,48,12.79,0,0
2023-09-27,PROD_B,TIENDA_01,30,25.08,0,0
2023-09-27,PROD_C,TIENDA_01,53,8.79,0,0
2023-09-28,PROD_A,TIENDA_01,69,12.63,1,0
2023-09-28,PROD_B,TIENDA_01,32,23.81,0,0
2023-09-28,PROD_C,TIENDA_01,59,8.91,0,0
2023-09-29,PROD_A,TIENDA_01,44,12.79,0,0
2023-09-29,PROD_B,TIENDA_01,25,24.84,0,0
2023-09-29,PROD_C,TIENDA_01,53,8.64,0,0
2023-09-30,PROD_A,TIENDA_01,51,12.97,0,0
2023-09-30,PROD_B,TIENDA_01,41,25.03,0,0
2023-09-30,PROD_C,TIENDA_01,66,8.73,0,0
2023-10-01,PROD_A,TIENDA_01,75,12.92,0,0
2023-10-01,PROD_B,TIENDA_01,43,24.45,0,0
2023-10-01,PROD_C,TIENDA_01,99,8.52,0,0
2023-10-02,PROD_A,TIENDA_01,36,12.63,0,0
2023-10-02,PROD_B,TIENDA_01,23,25.16,0,0
2023-10-02,PROD_C,TIENDA_01,55,8.9,0,0
2023-10-03,PROD_A,TIENDA_01,67,13.17,1,0
2023-10-03,PROD_B,TIENDA_01,45,24.76,1,0
2023-10-03,PROD_C,TIENDA_01,52,8.68,0,0
2023-10-04,PROD_A,TIENDA_01,43,12.74,0,0
2023-10-04,PROD_B,TIENDA_01,26,24.81,0,0
2023-10-04,PROD_C,TIENDA_01,68,8.61,0,0
2023-10-05,PROD_A,TIENDA_01,60,13.33,1,0
2023-10-05,PROD_B,TIENDA_01,34,24.07,0,0
2023-10-05,PROD_C,TIENDA_01,55,8.67,0,0
2023-10-06,PROD_A,TIENDA_01,47,12.82,0,0
2023-10-06,PROD_B,TIENDA_01,38,24.48,1,0
2023-10-06,PROD_C,TIENDA_01,53,8.86,0,0
2023-10-07,PROD_A,TIENDA_01,59,12.83,0,0
2023-10-07,PROD_B,TIENDA_01,42,25.15,0,0
2023-10-07,PROD_C,TIENDA_01,88,8.52,0,0
2023-10-08,PROD_A,TIENDA_01,66,12.66,0,0
2023-10-08,PROD_B,TIENDA_01,42,25.17,0,0
2023-10-08,PROD_C,TIENDA_01,113,8.85,1,0
2023-10-09,PROD_A,TIENDA_01,42,13.01,0,0
2023-10-09,PROD_B,TIENDA_01,23,25.19,0,0
2023-10-09,PROD_C,TIENDA_01,45,8.67,0,0
2023-10-10,PROD_A,TIENDA_01,46,12.83,0,0
2023-10-10,PROD_B,TIENDA_01,45,24.11,1,0
2023-10-10,PROD_C,TIENDA_01,62,8.7,0,0
2023-10-11,PROD_A,TIENDA_01,46,12.85,0,0
2023-10-11,PROD_B,TIENDA_01,31,25.0,0,0
2023-10-11,PROD_C,TIENDA_01,56,8.56,0,0
2023-10-12,PROD_A,TIENDA_01,56,12.8,0,1
2023-10-12,PROD_B,TIENDA_01,47,24.9,0,1
2023-10-12,PROD_C,TIENDA_01,108,8.73,1,1
2023-10-13,PROD_A,TIENDA_01,68,13.16,1,0
2023-10-13,PROD_B,TIENDA_01,34,25.0,0,0
2023-10-13,PROD_C,TIENDA_01,62,8.57,0,0
2023-10-14,PROD_A,TIENDA_01,50,12.85,0,0
2023-10-14,PROD_B,TIENDA_01,48,24.04,1,0
2023-10-14,PROD_C,TIENDA_01,67,8.65,0,0
2023-10-15,PROD_A,TIENDA_01,64,13.02,0,0
2023-10-15,PROD_B,TIENDA_01,57,25.12,1,0
2023-10-15,PROD_C,TIENDA_01,89,8.56,0,0
2023-10-16,PROD_A,TIENDA_01,36,12.6,0,0
2023-10-16,PROD_B,TIENDA_01,29,24.25,0,0
2023-10-16,PROD_C,TIENDA_01,50,8.64,0,0
2023-10-17,PROD_A,TIENDA_01,51,13.05,0,0
2023-10-17,PROD_B,TIENDA_01,41,25.1,1,0
2023-10-17,PROD_C,TIENDA_01,63,8.87,0,0
2023-10-18,PROD_A,TIENDA_01,40,13.03,0,0
2023-10-18,PROD_B,TIENDA_01,29,25.0,0,0
2023-10-18,PROD_C,TIENDA_01,52,8.52,0,0
2023-10-19,PROD_A,TIENDA_01,46,12.77,0,0
2023-10-19,PROD_B,TIENDA_01,28,23.8,0,0
2023-10-19,PROD_C,TIENDA_01,59,8.84,0,0
2023-10-20,PROD_A,TIENDA_01,60,12.75,1,0
2023-10-20,PROD_B,TIENDA_01,30,25.15,0,0
2023-10-20,PROD_C,TIENDA_01,57,8.57,0,0
2023-10-21,PROD_A,TIENDA_01,56,12.89,0,0
2023-10-21,PROD_B,TIENDA_01,37,25.2,0,0
2023-10-21,PROD_C,TIENDA_01,68,8.87,0,0
2023-10-22,PROD_A,TIENDA_01,77,13.23,0,0
2023-10-22,PROD_B,TIENDA_01,49,25.19,0,0
2023-10-22,PROD_C,TIENDA_01,100,8.56,0,0
2023-10-23,PROD_A,TIENDA_01,33,12.76,0,0
2023-10-23,PROD_B,TIENDA_01,28,25.22,0,0
2023-10-23,PROD_C,TIENDA_01,78,8.88,1,0
2023-10-24,PROD_A,TIENDA_01,59,13.31,1,0
2023-10-24,PROD_B,TIENDA_01,30,24.81,0,0
2023-10-24,PROD_C,TIENDA_01,53,8.59,0,0
2023-10-25,PROD_A,TIENDA_01,45,12.63,0,0
2023-10-25,PROD_B,TIENDA_01,33,24.21,0,0
2023-10-25,PROD_C,TIENDA_01,59,8.5,0,0
2023-10-26,PROD_A,TIENDA_01,56,13.35,1,0
2023-10-26,PROD_B,TIENDA_01,29,24.73,0,0
2023-10-26,PROD_C,TIENDA_01,58,8.75,0,0
2023-10-27,PROD_A,TIENDA_01,41,12.69,0,0
2023-10-27,PROD_B,TIENDA_01,34,23.86,0,0
2023-10-27,PROD_C,TIENDA_01,61,8.78,0,0
2023-10-28,PROD_A,TIENDA_01,60,12.97,0,0
2023-10-28,PROD_B,TIENDA_01,34,24.52,0,0
2023-10-28,PROD_C,TIENDA_01,86,8.57,0,0
2023-10-29,PROD_A,TIENDA_01,86,13.28,1,0
2023-10-29,PROD_B,TIENDA_01,54,24.17,1,0
2023-10-29,PROD_C,TIENDA_01,101,8.67,0,0
2023-10-30,PROD_A,TIENDA_01,38,13.33,0,0
2023-10-30,PROD_B,TIENDA_01,27,24.03,0,0
2023-10-30,PROD_C,TIENDA_01,74,8.77,1,0
2023-10-31,PROD_A,TIENDA_01,49,13.13,0,0
2023-10-31,PROD_B,TIENDA_01,31,24.78,0,0
2023-10-31,PROD_C,TIENDA_01,82,8.92,1,0
2023-11-01,PROD_A,TIENDA_01,85,12.89,1,1
2023-11-01,PROD_B,TIENDA_01,55,25.1,0,1
2023-11-01,PROD_C,TIENDA_01,101,8.6,1,1
2023-11-02,PROD_A,TIENDA_01,67,13.08,1,0
2023-11-02,PROD_B,TIENDA_01,42,24.55,0,0
2023-11-02,PROD_C,TIENDA_01,64,8.55,0,0
2023-11-03,PROD_A,TIENDA_01,39,13.24,0,0
2023-11-03,PROD_B,TIENDA_01,41,24.22,0,0
2023-11-03,PROD_C,TIENDA_01,65,8.95,0,0
2023-11-04,PROD_A,TIENDA_01,63,12.87,0,0
2023-11-04,PROD_B,TIENDA_01,46,24.96,0,0
2023-11-04,PROD_C,TIENDA_01,86,8.56,0,0
2023-11-05,PROD_A,TIENDA_01,59,12.7,0,0
2023-11-05,PROD_B,TIENDA_01,89,24.92,1,0
2023-11-05,PROD_C,TIENDA_01,131,8.89,1,0
2023-11-06,PROD_A,TIENDA_01,45,13.22,1,0
2023-11-06,PROD_B,TIENDA_01,30,23.94,0,0
2023-11-06,PROD_C,TIENDA_01,44,8.84,0,0
2023-11-07,PROD_A,TIENDA_01,48,13.32,0,0
2023-11-07,PROD_B,TIENDA_01,47,24.04,0,0
2023-11-07,PROD_C,TIENDA_01,52,8.93,0,0
2023-11-08,PROD_A,TIENDA_01,51,12.87,0,0
2023-11-08,PROD_B,TIENDA_01,56,24.84,1,0
2023-11-08,PROD_C,TIENDA_01,61,8.54,0,0
2023-11-09,PROD_A,TIENDA_01,38,12.77,0,0
2023-11-09,PROD_B,TIENDA_01,52,25.09,1,0
2023-11-09,PROD_C,TIENDA_01,68,8.54,0,0
2023-11-10,PROD_A,TIENDA_01,45,13.15,0,0
2023-11-10,PROD_B,TIENDA_01,43,24.41,0,0
2023-11-10,PROD_C,TIENDA_01,54,8.67,0,0
2023-11-11,PROD_A,TIENDA_01,53,12.78,0,0
2023-11-11,PROD_B,TIENDA_01,84,23.95,1,0
2023-11-11,PROD_C,TIENDA_01,93,8.89,1,0
2023-11-12,PROD_A,TIENDA_01,68,12.63,0,0
2023-11-12,PROD_B,TIENDA_01,55,24.18,0,0
2023-11-12,PROD_C,TIENDA_01,84,9.0,0,0
2023-11-13,PROD_A,TIENDA_01,38,12.83,0,0
2023-11-13,PROD_B,TIENDA_01,32,23.87,0,0
2023-11-13,PROD_C,TIENDA_01,50,8.84,0,0
2023-11-14,PROD_A,TIENDA_01,69,12.98,1,0
2023-11-14,PROD_B,TIENDA_01,55,24.73,1,0
2023-11-14,PROD_C,TIENDA_01,72,8.7,1,0
2023-11-15,PROD_A,TIENDA_01,39,13.32,0,0
2023-11-15,PROD_B,TIENDA_01,36,25.2,0,0
2023-11-15,PROD_C,TIENDA_01,61,9.01,0,0
2023-11-16,PROD_A,TIENDA_01,66,13.17,1,0
2023-11-16,PROD_B,TIENDA_01,44,24.62,0,0
2023-11-16,PROD_C,TIENDA_01,65,8.83,0,0
2023-11-17,PROD_A,TIENDA_01,44,13.07,0,0
2023-11-17,PROD_B,TIENDA_01,41,24.17,0,0
2023-11-17,PROD_C,TIENDA_01,52,8.62,0,0
2023-11-18,PROD_A,TIENDA_01,60,12.71,0,0
2023-11-18,PROD_B,TIENDA_01,63,23.87,1,0
2023-11-18,PROD_C,TIENDA_01,89,8.69,0,0
2023-11-19,PROD_A,TIENDA_01,60,13.09,0,0
2023-11-19,PROD_B,TIENDA_01,74,24.87,1,0
2023-11-19,PROD_C,TIENDA_01,97,8.59,0,0
2023-11-20,PROD_A,TIENDA_01,38,12.8,0,0
2023-11-20,PROD_B,TIENDA_01,39,24.57,0,0
2023-11-20,PROD_C,TIENDA_01,43,8.71,0,0
2023-11-21,PROD_A,TIENDA_01,43,12.85,0,0
2023-11-21,PROD_B,TIENDA_01,41,23.81,0,0
2023-11-21,PROD_C,TIENDA_01,66,8.65,0,0
2023-11-22,PROD_A,TIENDA_01,44,12.71,0,0
2023-11-22,PROD_B,TIENDA_01,41,23.93,0,0
2023-11-22,PROD_C,TIENDA_01,62,8.85,0,0
2023-11-23,PROD_A,TIENDA_01,44,13.27,0,0
2023-11-23,PROD_B,TIENDA_01,40,24.49,0,0
2023-11-23,PROD_C,TIENDA_01,62,8.67,0,0
2023-11-24,PROD_A,TIENDA_01,42,12.62,0,0
2023-11-24,PROD_B,TIENDA_01,62,24.28,1,0
2023-11-24,PROD_C,TIENDA_01,51,8.96,0,0
2023-11-25,PROD_A,TIENDA_01,51,12.87,0,0
2023-11-25,PROD_B,TIENDA_01,52,24.74,0,0
2023-11-25,PROD_C,TIENDA_01,81,8.8,0,0
2023-11-26,PROD_A,TIENDA_01,58,12.84,0,0
2023-11-26,PROD_B,TIENDA_01,53,24.24,0,0
2023-11-26,PROD_C,TIENDA_01,99,8.79,0,0
2023-11-27,PROD_A,TIENDA_01,35,13.14,0,0
2023-11-27,PROD_B,TIENDA_01,40,24.32,0,0
2023-11-27,PROD_C,TIENDA_01,52,8.91,0,0
2023-11-28,PROD_A,TIENDA_01,63,12.86,1,0
2023-11-28,PROD_B,TIENDA_01,45,24.26,0,0
2023-11-28,PROD_C,TIENDA_01,57,8.72,0,0
2023-11-29,PROD_A,TIENDA_01,49,13.21,0,0
2023-11-29,PROD_B,TIENDA_01,42,24.19,0,0
2023-11-29,PROD_C,TIENDA_01,93,8.7,1,0
2023-11-30,PROD_A,TIENDA_01,48,12.67,0,0
2023-11-30,PROD_B,TIENDA_01,36,24.26,0,0
2023-11-30,PROD_C,TIENDA_01,88,8.74,1,0
2023-12-01,PROD_A,TIENDA_01,34,13.11,0,0
2023-12-01,PROD_B,TIENDA_01,72,24.4,0,0
2023-12-01,PROD_C,TIENDA_01,54,8.7,0,0
2023-12-02,PROD_A,TIENDA_01,40,13.2,0,0
2023-12-02,PROD_B,TIENDA_01,99,24.8,1,0
2023-12-02,PROD_C,TIENDA_01,79,8.6,0,0
2023-12-03,PROD_A,TIENDA_01,50,12.96,0,0
2023-12-03,PROD_B,TIENDA_01,99,24.67,0,0
2023-12-03,PROD_C,TIENDA_01,88,8.78,0,0
2023-12-04,PROD_A,TIENDA_01,26,12.88,0,0
2023-12-04,PROD_B,TIENDA_01,67,24.77,1,0
2023-12-04,PROD_C,TIENDA_01,50,8.65,0,0
2023-12-05,PROD_A,TIENDA_01,27,12.76,0,0
2023-12-05,PROD_B,TIENDA_01,72,24.71,0,0
2023-12-05,PROD_C,TIENDA_01,61,8.7,0,0
2023-12-06,PROD_A,TIENDA_01,54,12.79,1,1
2023-12-06,PROD_B,TIENDA_01,91,24.59,0,1
2023-12-06,PROD_C,TIENDA_01,87,8.51,0,1
2023-12-07,PROD_A,TIENDA_01,37,12.8,1,0
2023-12-07,PROD_B,TIENDA_01,69,24.02,0,0
2023-12-07,PROD_C,TIENDA_01,68,8.74,0,0
2023-12-08,PROD_A,TIENDA_01,65,12.67,1,1
2023-12-08,PROD_B,TIENDA_01,102,25.09,0,1
2023-12-08,PROD_C,TIENDA_01,80,8.83,0,1
2023-12-09,PROD_A,TIENDA_01,62,13.16,1,0
2023-12-09,PROD_B,TIENDA_01,102,24.84,1,0
2023-12-09,PROD_C,TIENDA_01,78,8.92,0,0
2023-12-10,PROD_A,TIENDA_01,53,12.8,0,0
2023-12-10,PROD_B,TIENDA_01,91,23.94,0,0
2023-12-10,PROD_C,TIENDA_01,85,8.79,0,0
2023-12-11,PROD_A,TIENDA_01,28,12.78,0,0
2023-12-11,PROD_B,TIENDA_01,50,24.02,0,0
2023-12-11,PROD_C,TIENDA_01,50,8.62,0,0
2023-12-12,PROD_A,TIENDA_01,31,12.89,0,0
2023-12-12,PROD_B,TIENDA_01,62,24.39,0,0
2023-12-12,PROD_C,TIENDA_01,68,8.95,0,0
2023-12-13,PROD_A,TIENDA_01,30,13.16,0,0
2023-12-13,PROD_B,TIENDA_01,56,25.19,0,0
2023-12-13,PROD_C,TIENDA_01,66,8.84,0,0
2023-12-14,PROD_A,TIENDA_01,33,13.22,0,0
2023-12-14,PROD_B,TIENDA_01,67,24.22,0,0
2023-12-14,PROD_C,TIENDA_01,57,8.91,0,0
2023-12-15,PROD_A,TIENDA_01,47,13.27,1,0
2023-12-15,PROD_B,TIENDA_01,74,24.34,0,0
2023-12-15,PROD_C,TIENDA_01,55,8.53,0,0
2023-12-16,PROD_A,TIENDA_01,37,12.76,0,0
2023-12-16,PROD_B,TIENDA_01,96,24.69,0,0
2023-12-16,PROD_C,TIENDA_01,84,8.7,0,0
2023-12-17,PROD_A,TIENDA_01,70,13.24,1,0
2023-12-17,PROD_B,TIENDA_01,98,24.37,0,0
2023-12-17,PROD_C,TIENDA_01,95,8.95,0,0
2023-12-18,PROD_A,TIENDA_01,29,13.14,0,0
2023-12-18,PROD_B,TIENDA_01,53,24.65,0,0
2023-12-18,PROD_C,TIENDA_01,54,8.73,0,0
2023-12-19,PROD_A,TIENDA_01,36,13.1,1,0
2023-12-19,PROD_B,TIENDA_01,71,23.97,0,0
2023-12-19,PROD_C,TIENDA_01,62,8.65,0,0
2023-12-20,PROD_A,TIENDA_01,38,13.0,1,0
2023-12-20,PROD_B,TIENDA_01,72,24.89,0,0
2023-12-20,PROD_C,TIENDA_01,63,8.9,0,0
2023-12-21,PROD_A,TIENDA_01,31,13.17,0,0
2023-12-21,PROD_B,TIENDA_01,69,24.98,0,0
2023-12-21,PROD_C,TIENDA_01,54,8.71,0,0
2023-12-22,PROD_A,TIENDA_01,47,13.34,1,0
2023-12-22,PROD_B,TIENDA_01,60,25.16,0,0
2023-12-22,PROD_C,TIENDA_01,62,8.82,0,0
2023-12-23,PROD_A,TIENDA_01,46,12.75,0,0
2023-12-23,PROD_B,TIENDA_01,77,24.35,0,0
2023-12-23,PROD_C,TIENDA_01,72,8.53,0,0
2023-12-24,PROD_A,TIENDA_01,53,12.69,0,0
2023-12-24,PROD_B,TIENDA_01,97,25.12,0,0
2023-12-24,PROD_C,TIENDA_01,94,8.55,0,0
2023-12-25,PROD_A,TIENDA_01,34,13.27,0,1
2023-12-25,PROD_B,TIENDA_01,73,24.49,0,1
2023-12-25,PROD_C,TIENDA_01,106,8.8,1,1
2023-12-26,PROD_A,TIENDA_01,41,13.13,0,1
2023-12-26,PROD_B,TIENDA_01,89,23.98,0,1
2023-12-26,PROD_C,TIENDA_01,77,8.81,0,1
2023-12-27,PROD_A,TIENDA_01,30,13.13,0,0
2023-12-27,PROD_B,TIENDA_01,56,23.96,0,0
2023-12-27,PROD_C,TIENDA_01,63,8.85,0,0
2023-12-28,PROD_A,TIENDA_01,33,13.17,0,0
2023-12-28,PROD_B,TIENDA_01,57,23.85,0,0
2023-12-28,PROD_C,TIENDA_01,55,8.96,0,0
2023-12-29,PROD_A,TIENDA_01,35,13.35,0,0
2023-12-29,PROD_B,TIENDA_01,70,23.83,0,0
2023-12-29,PROD_C,TIENDA_01,62,8.65,0,0
2023-12-30,PROD_A,TIENDA_01,39,13.35,0,0
2023-12-30,PROD_B,TIENDA_01,87,24.15,0,0
2023-12-30,PROD_C,TIENDA_01,88,8.95,0,0
2023-12-31,PROD_A,TIENDA_01,84,13.01,1,1
2023-12-31,PROD_B,TIENDA_01,165,23.83,1,1
2023-12-31,PROD_C,TIENDA_01,189,8.93,1,1
